Start,End,Open,High,Low,Close,Volume,Market Cap,TVL
11-08-2023,12-08-2023,66.9641,66.9641,65.3395,65.9525,128607245.9,958314811.6,2889435253
10-08-2023,11-08-2023,67.3022,69.0488,66.8022,67.0256,141533157.3,976190392.6,2781729962
09-08-2023,10-08-2023,66.3546,67.9084,65.8749,67.4406,137584647.2,966238600.9,2806623077
08-08-2023,09-08-2023,64.9758,66.8669,64.6616,66.1994,141752268.3,952561693.3,2832729978
07-08-2023,08-08-2023,66.061,66.977,63.3895,64.8849,149256791.4,945923789.4,2816843138
06-08-2023,07-08-2023,64.4217,66.0573,64.1478,65.8081,132846567.9,945577324.5,2829416506
05-08-2023,06-08-2023,63.9909,65.5126,63.15,64.4412,185854901.2,927515188.2,2854605814
04-08-2023,05-08-2023,63.1245,66.4662,62.7991,64.1639,198389756,927474928.9,2847274389
03-08-2023,04-08-2023,64.3999,64.9705,62.9679,62.9679,255868715.7,925707508.6,2885260020
02-08-2023,03-08-2023,65.591,66.8283,62.6458,64.5753,310853876.6,932846234.4,2943819900
01-08-2023,02-08-2023,65.0523,65.5007,61.573,65.3061,425903679.3,926837108.3,3068022469
31-07-2023,01-08-2023,70.6498,72.1146,64.217,65.3478,222786215.4,1005917555,3264522955
30-07-2023,31-07-2023,74.5027,74.9931,70.0219,70.7621,123822802,1068115735,3470723589
29-07-2023,30-07-2023,72.6995,74.8893,72.1677,74.5296,91469092.78,1055794069,3767165376
28-07-2023,29-07-2023,72.4493,73.7664,72.391,72.8415,121189712.3,1057611054,3772135495
27-07-2023,28-07-2023,71.8782,74.9949,71.6164,72.3673,165962049.6,1058443207,3738066935
26-07-2023,27-07-2023,70.1421,72.3302,69.2559,72.0174,110103558.2,1023726777,3742929437
25-07-2023,26-07-2023,70.6713,71.7756,69.9844,70.1436,117665148.3,1023792489,3721373736
24-07-2023,25-07-2023,72.4316,72.8995,69.4415,70.6245,114300866.1,1026354184,3702301332
23-07-2023,24-07-2023,72.0192,73.4685,71.7778,72.6684,98572188.65,1052959310,3790261161
22-07-2023,23-07-2023,74.6551,74.9503,71.603,71.9547,118888349.3,1064249834,3727184826
21-07-2023,22-07-2023,72.6133,75.4201,72.0377,74.5047,190900704.1,1072985200,3772889603
20-07-2023,21-07-2023,71.9746,75.232,71.8332,72.553,154874855.2,1058498073,3755891362
19-07-2023,20-07-2023,72.2192,73.6869,71.5466,72.0123,163591225.5,1049707222,3753950289
18-07-2023,19-07-2023,75.0623,75.7168,71.1035,72.274,203443887,1057856267,3809700407
17-07-2023,18-07-2023,76.6719,79.3124,73.9766,75.1674,203741286.2,1104460190,3909895528
16-07-2023,17-07-2023,78.8537,79.4991,76.5259,76.8577,221231379.9,1130510905,3994399798
15-07-2023,16-07-2023,80.9179,82.1858,78.3216,78.8845,401177250.1,1154490006,4039468342
14-07-2023,15-07-2023,79.1836,87.2274,78.4525,81.3775,421005116.9,1168087035,3956100288
13-07-2023,14-07-2023,76.0979,79.1478,74.752,79.1478,350630064.9,1108503260,4081860286
12-07-2023,13-07-2023,73.3457,76.9742,73.3457,75.7956,350391675.8,1090124071,3894075121
11-07-2023,12-07-2023,69.5077,74.2387,69.2113,73.4083,306383269.9,1043808235,3906954689
10-07-2023,11-07-2023,71.6921,71.728,69.0097,69.4564,268941771.3,1018230797,3888037764
09-07-2023,10-07-2023,73.4273,74.1757,71.6032,71.8552,244662782.7,1049336703,3876784682
08-07-2023,09-07-2023,74.769,77.0356,72.7954,73.5155,276573771,1075761622,3886906143
07-07-2023,08-07-2023,70.1097,74.9034,70.1097,74.9034,312305497.6,1050358560,3892338870
06-07-2023,07-07-2023,74.5216,77.7528,70.7062,70.8725,438355959.7,1066970696,3831936266
05-07-2023,06-07-2023,77.318,80.3379,71.8965,74.775,657419173.2,1102192156,3932833337
04-07-2023,05-07-2023,72.6903,79.6055,71.8045,76.9585,530846433.5,1097254416,3971270611
03-07-2023,04-07-2023,70.716,74.3729,69.0212,72.8393,396413748.6,1029807862,3973393103
02-07-2023,03-07-2023,68.0584,72.7459,67.5192,70.5579,335877066.9,1000979943,3935068595
01-07-2023,02-07-2023,70.3317,70.3317,66.8298,68.1853,468934253.5,978631838,3839467682
30-06-2023,01-07-2023,63.2246,71.3641,61.6291,70.4439,614012892.1,963789512.5,3861992157
29-06-2023,30-06-2023,59.4495,66.1211,59.0865,63.1626,350297857.6,891102090.7,3764917587
28-06-2023,29-06-2023,64.9856,65.286,58.3066,59.4752,325882620.7,881271334.5,3694154296
27-06-2023,28-06-2023,62.8756,66.52,62.7899,65.0611,438202629.3,928818399.9,3772015045
26-06-2023,27-06-2023,68.0399,69.134,63.0986,63.2556,964682507.4,938924089.7,3726721255
25-06-2023,26-06-2023,57.1075,76.1037,56.9366,68.9651,966223407.8,998580888.1,3759206349
24-06-2023,25-06-2023,56.9048,58.2292,56.1715,57.1297,166004687.3,828667018.5,3711900904
23-06-2023,24-06-2023,55.7131,57.5761,55.4086,56.974,154884337.8,812601700.2,3740295872
22-06-2023,23-06-2023,54.9418,57.1098,54.9418,55.4772,199603774.4,811780933.2,3696326450
21-06-2023,22-06-2023,52.8743,55.4763,52.8729,55.0089,180689397.8,780552136.4,3739143829
20-06-2023,21-06-2023,51.8397,53.1514,50.3317,53.1514,136756865.9,747047950.5,3586681431
19-06-2023,20-06-2023,50.98,52.1441,50.6949,51.7764,121599828,739282194.5,3476689863
18-06-2023,19-06-2023,51.1722,51.9476,50.8483,50.9715,133927343.6,741328092.3,3449352451
17-06-2023,18-06-2023,50.6407,52.1822,50.359,51.0866,149872088,740300946.8,3421897267
16-06-2023,17-06-2023,49.9764,51.1164,49.3465,50.7199,171938836.6,722795572.8,3438188838
15-06-2023,16-06-2023,52.0869,52.5276,49.127,50.1137,197641858.5,725645241.6,3299985606
14-06-2023,15-06-2023,55.1716,55.9718,51.6815,52.0821,151681125.9,794111122.6,3271576895
13-06-2023,14-06-2023,53.8467,55.5441,53.2192,55.0217,160548561.1,785902703.8,3522210974
12-06-2023,13-06-2023,52.1402,53.9627,51.158,53.7702,156019517.6,759969612.5,3512105616
11-06-2023,12-06-2023,52.5641,53.3878,51.7438,52.1331,182141321.5,756360792.3,3539734576
10-06-2023,11-06-2023,60.0103,60.0103,50.9106,52.6867,259250120.4,772504583.8,3517411846
09-06-2023,10-06-2023,59.838,60.6306,59.312,60.0235,147369685,864574125.8,3673246320
08-06-2023,09-06-2023,59.026,60.391,58.3741,59.8294,163110531,858053731.6,3757042887
07-06-2023,08-06-2023,61.8071,62.1389,58.6568,59.1639,182486655.9,873380459,3717305623
06-06-2023,07-06-2023,59.861,62.6784,59.5883,61.9588,202031139.6,876859822.2,3838743718
05-06-2023,06-06-2023,62.6496,62.8132,57.7109,60.04,196801066.4,883116720.6,3673361280
04-06-2023,05-06-2023,63.5318,64.6238,62.7443,62.7443,151253161.4,920384335,3849923632
03-06-2023,04-06-2023,63.5575,64.3136,63.0554,63.549,142517133.4,916325650,3865784108
02-06-2023,03-06-2023,62.6436,64.474,62.3222,63.6311,161780488.5,917719923.2,3889209376
01-06-2023,02-06-2023,63.7739,64.2112,62.5359,62.6572,166814826.7,907797865.9,3820082256
31-05-2023,01-06-2023,66.6795,66.9293,63.2608,63.8635,212886174.6,931642840.1,3810002377
30-05-2023,31-05-2023,67.3686,67.8881,66.2987,66.6928,186456630.1,966726669.4,3859801296
29-05-2023,30-05-2023,69.1499,69.3841,66.9741,67.3446,168435410.9,976311564.8,3841614343
28-05-2023,29-05-2023,65.7526,69.4183,65.4736,69.1557,147840840.1,963269152.2,3897968079
27-05-2023,28-05-2023,64.6949,65.7162,64.4718,65.7162,153746388.7,936744266.2,3784119717
26-05-2023,27-05-2023,63.5158,65.5851,62.9446,64.6503,152137373.6,918481509.6,3745455753
25-05-2023,26-05-2023,63.9407,64.1869,62.5225,63.5117,166000375.1,914857603.6,3729575449
24-05-2023,25-05-2023,65.4828,65.4828,62.4902,64.0029,151167669.3,921897857.4,3757162171
23-05-2023,24-05-2023,64.3172,66.2664,64.1199,65.432,153169687,941635705.7,3842845850
22-05-2023,23-05-2023,63.9504,64.7757,63.137,64.3484,145091200.4,921857412.7,3795786744
21-05-2023,22-05-2023,65.2412,65.4183,63.576,64.0215,132148602.1,928840432.9,3717043956
20-05-2023,21-05-2023,65.3598,65.3871,64.6362,65.2436,141869001.3,934982255.2,3754458843
19-05-2023,20-05-2023,64.9532,65.5888,64.0814,65.3719,176411351.7,937384434.4,3704319939
18-05-2023,19-05-2023,64.9459,67.0209,64.7857,65.0394,222506097.3,947066484.8,3667487117
17-05-2023,18-05-2023,62.9017,64.8767,62.0854,64.8338,153172443.1,909860054.4,3715056087
16-05-2023,17-05-2023,62.8196,63.2831,62.0906,62.8934,158098881.3,900536405.5,3725276106
15-05-2023,16-05-2023,62.2815,64.5187,61.6293,62.8109,168417249.2,911708573.4,3706170766
14-05-2023,15-05-2023,62.1799,63.3817,61.8957,62.2097,133708832.7,897988809.9,3644936051
13-05-2023,14-05-2023,63.205,63.205,61.986,62.1655,157967449.4,899682001.1,3651747073
12-05-2023,13-05-2023,62.3425,63.2516,60.6103,63.2113,132449256.6,889850957,3676614560
11-05-2023,12-05-2023,64.7801,64.8187,61.1338,62.4348,176966749,908061432.3,3650822890
10-05-2023,11-05-2023,64.6567,65.678,62.2959,64.8799,170879349,930695434.2,3722122628
09-05-2023,10-05-2023,64.9733,65.3749,64.1335,64.6475,184603218.9,931199083.5,3744580364
08-05-2023,09-05-2023,69.2013,69.7192,63.979,65.0361,207926702.6,958765985.2,3693902268
07-05-2023,08-05-2023,70.0879,70.3907,68.8496,68.8496,162459090.3,1003879255,3860802170
06-05-2023,07-05-2023,73.501,74.1377,69.0619,70.1514,217369930.7,1019263774,3927374405
05-05-2023,06-05-2023,71.0338,74.3321,70.8867,73.4733,191348905.3,1038938615,4114898594
04-05-2023,05-05-2023,71.8344,72.185,70.5872,71.0221,193386716.9,1024027791,3907536495
03-05-2023,04-05-2023,69.3708,71.8654,67.9164,71.8654,162263723.2,993867416.7,3940160590
02-05-2023,03-05-2023,69.1345,69.7535,68.3232,69.3674,170759131.5,994463063.5,3872713073
01-05-2023,02-05-2023,70.5039,71.029,68.151,69.2018,177668189.5,998568854.3,3832575261
30-04-2023,01-05-2023,71.9853,72.7088,70.6413,70.7926,160216491.8,1027972363,3912019737
29-04-2023,30-04-2023,72.311,72.8608,71.7098,71.9614,166191709.5,1038221912,3936587121
28-04-2023,29-04-2023,71.5222,72.413,70.4884,72.3324,194120453.6,1027279329,3910448386
27-04-2023,28-04-2023,69.5599,72.1522,69.1738,71.5225,251569730.3,1015359849,4015718454
26-04-2023,27-04-2023,71.3502,73.9395,67.0601,69.5244,204458029.4,1025186553,4047609926
25-04-2023,26-04-2023,70.0368,71.4377,68.6512,71.381,171537038.3,999032676.3,3955969159
24-04-2023,25-04-2023,70.4734,71.5672,68.7147,70.0052,178609787.4,986411743.1,3874982843
23-04-2023,24-04-2023,71.0074,71.1468,68.842,70.4795,156857596.4,991658350.2,3891971572
22-04-2023,23-04-2023,69.3269,71.0798,69.0007,71.0358,186762037,988285345.1,3877941064
21-04-2023,22-04-2023,72.4891,73.4654,68.6724,69.2487,211735131.6,1008691555,3838950792
20-04-2023,21-04-2023,74.1522,75.2376,71.8725,72.5888,258540670,1041096322,3991954914
19-04-2023,20-04-2023,81.9653,82.0887,73.3995,74.1685,278197542.6,1088628894,4169709264
18-04-2023,19-04-2023,81.0692,83.9173,79.9933,81.9065,217891200.6,1153135826,4481665774
17-04-2023,18-04-2023,83.35796134,84.01913691,80.53157932,81.0265,271362951.8,1153284001,4414978784
16-04-2023,17-04-2023,82.55557659,83.60153,81.10782624,83.3897271,232774218.1,1160804396,4579897666
15-04-2023,16-04-2023,82.5952,83.84246017,81.18951236,82.59721816,259420015.7,1163788837,4656500143
14-04-2023,15-04-2023,81.2252,83.7287,80.3709,82.6744,315773859.2,1162225560,4610850364
13-04-2023,14-04-2023,78.862,81.6002,77.0165,81.1665,270561093.7,1122374744,4610445978
12-04-2023,13-04-2023,79.0589,79.5207,75.59533162,78.93802117,239404469.4,1097701269,4356016304
11-04-2023,12-04-2023,78.4404,80.3306,78.0273,79.1355,239275818.6,1118052534,4382448829
10-04-2023,11-04-2023,76.30980617,78.5332,75.2685,78.3041,184139159.8,1076586881,4409864220
09-04-2023,10-04-2023,76.2932,77.4297,74.851,76.379,181636418.9,1071125837,4287710581
08-04-2023,09-04-2023,78.3435,78.877,76.0708,76.3425,191521381.9,1092720393,4260935776
07-04-2023,08-04-2023,80.5056,80.76215569,77.5616,78.3312,268718642.9,1113689853,4257210379
06-04-2023,07-04-2023,78.2706,80.5256,77.69442418,80.3859,248106137.3,1113644532,4314022017
05-04-2023,06-04-2023,76.4339,79.24240227,76.1586,78.2977,223459029,1104311976,4301729120
04-04-2023,05-04-2023,73.78297548,76.7881,73.16308048,76.3817,236048720.9,1058839454,4335079247
03-04-2023,04-04-2023,73.108,74.9574,71.2227,73.67451627,219405851.7,1033869910,4172213781
02-04-2023,03-04-2023,74.22266097,74.79901391,71.9987,73.1468,173313806.9,1037928532,4172749874
01-04-2023,02-04-2023,74.22651146,74.80460011,73.59859475,74.26097975,224373844.5,1045812616,4180967748
31-03-2023,01-04-2023,71.41384693,74.40469525,71.13290838,74.23857412,230053093.4,1020829112,4210675550
30-03-2023,31-03-2023,72.9611,74.2167,70.4431,71.39232732,227580844.4,1016065347,4212463248
29-03-2023,30-03-2023,70.5486,73.5003,70.5127,72.9815,196160854.6,1017433359,4207756116
28-03-2023,29-03-2023,69.8792,71.0724,69.05131602,70.6517,219327536.9,985633938.3,4295811644
27-03-2023,28-03-2023,73.01525804,73.67167146,68.9705,69.9789,250049269.7,1005008028,4288634922
26-03-2023,27-03-2023,71.5036,73.32405603,71.1684,72.97965849,181932910.8,1025318873,4385647918
25-03-2023,26-03-2023,73.06718807,73.52114197,70.4183,71.5462,236921714.9,1017445443,4369046606
24-03-2023,25-03-2023,77.2513,77.32038728,72.4486,73.04272288,263101369.3,1056720766,4427793937
23-03-2023,24-03-2023,75.40989392,80.3332,74.8868,77.3366,243221961.3,1082077807,4531471468
22-03-2023,23-03-2023,78.48230029,79.2691,73.304,75.45,230662591.3,1087402904,4416813790
21-03-2023,22-03-2023,76.1599,78.7591,74.5898,78.53165245,251956851.8,1084054121,4541919573
20-03-2023,21-03-2023,79.5038,80.0805,75.9666,75.9666,279894049.6,1100701496,4445413470
19-03-2023,20-03-2023,77.90211454,81.32260044,77.90211454,79.4874,259442908.2,1118571129,4450706882
18-03-2023,19-03-2023,80.7026,81.8537,77.64949639,77.64949639,311210108.5,1130371901,4421751596
17-03-2023,18-03-2023,74.9156,80.6074,73.9158,80.585,253657017.6,1087701132,4305430355
16-03-2023,17-03-2023,74.08285987,75.5804,73.4914,75.1158,237412235.7,1051705297,3985127599
15-03-2023,16-03-2023,79.3389,80.67664485,71.7787,73.98988198,334097408.2,1086980023,4116639230
14-03-2023,15-03-2023,75.2339,81.5168,74.6039,79.2943,1827817212,1093000665,4200362386
13-03-2023,14-03-2023,72.96577893,76.41422593,70.5721,75.27227874,51932397274,1038972613,4253421274
12-03-2023,13-03-2023,67.2211,72.89417078,66.4187,72.89417078,218503723.4,958852763.5,4230278241
11-03-2023,12-03-2023,68.41878074,70.9751,64.8597,67.3057,248780779.1,943651955.5,3639109410
10-03-2023,11-03-2023,68.7248,68.7248,65.0328,68.29883161,234430198.5,947151986.2,3608388356
09-03-2023,10-03-2023,71.65187105,73.85670796,67.6827,68.7527,163722778.7,1014757008,3701110034
08-03-2023,09-03-2023,75.2366,75.4035,71.42547887,71.55029599,150785732.9,1039351375,3827708561
07-03-2023,08-03-2023,76.6827,77.65028334,73.7694456,75.2581,139258412.7,1072381492,3848207393
06-03-2023,07-03-2023,75.0546,77.4418,74.31017153,76.6713,130824598.9,1070474123,3875534896
05-03-2023,06-03-2023,75.26103124,77.09465515,74.751,75.075,125836719,1076124510,3918417964
04-03-2023,05-03-2023,76.8894,77.3141,74.0727,75.27559016,121824227.4,1075210241,3908739859
03-03-2023,04-03-2023,79.9286,79.9286,73.7158,76.80478772,207510707,1076804244,3777353232
02-03-2023,03-03-2023,82.9007,82.9689,78.4649,79.8581,161041785.3,1132420055,3967166945
01-03-2023,02-03-2023,77.58625281,82.8832,77.24885923,82.8103,190216459.1,1144234613,4003333805
28-02-2023,01-03-2023,80.19257167,80.1946,77.02927075,77.59198496,149647009.1,1111349418,3946851397
27-02-2023,28-02-2023,82.1846,83.4402,79.5706803,80.19250142,134065003.1,1148438758,4052707982
26-02-2023,27-02-2023,79.9678,82.3386,79.7202,82.0568,143374275.1,1139487808,4017741220
25-02-2023,26-02-2023,81.5866,82.433,77.6691,79.8789,204777291.8,1131436030,3912559836
24-02-2023,25-02-2023,85.6404,86.6029,80.11780485,81.5776,208365001.4,1183613692,3932318331
23-02-2023,24-02-2023,85.1599,87.4293,84.0899,85.6785,224209272.3,1211174278,4022968595
22-02-2023,23-02-2023,87.6859,87.7076,82.22175346,85.0261,248554463.8,1198206663,4031846890
21-02-2023,22-02-2023,91.98766154,92.5624,86.3838,87.6001,285139901.8,1261942554,4076259381
20-02-2023,21-02-2023,90.4519,92.73339893,87.87546866,91.7648,334614134.1,1278486538,4187999926
19-02-2023,20-02-2023,90.9951,94.8825268,89.3205,90.3269,322017131.8,1284697698,4182362692
18-02-2023,19-02-2023,86.4479,91.1209,86.4479,91.1209,289412194.7,1251033115,4235390520
17-02-2023,18-02-2023,84.16,87.8529,83.9383,86.5496,327113619,1206594152,4257279231
16-02-2023,17-02-2023,89.41605654,90.1344,83.8505,83.8505,359803925.4,1246568537,4088978930
15-02-2023,16-02-2023,82.9878,89.36010804,82.29207412,89.36010804,355204439.7,1188460875,4176300472
14-02-2023,15-02-2023,82.41197708,83.2638,79.9745,83.0649,531924957.3,1148811207,3860412978
13-02-2023,14-02-2023,77.476,83.1903,74.2873,82.45663249,365005511.9,1110145538,3789140887
12-02-2023,13-02-2023,79.3589,80.4478,76.82508619,77.41784446,146585701.2,1116401433,3719894424
11-02-2023,12-02-2023,78.6569,79.3515,77.8443,79.3397,201004427.4,1106604501,3758961346
10-02-2023,11-02-2023,77.76953372,80.29235933,77.0668,78.7282,415459165.9,1106654799,3678214771
09-02-2023,10-02-2023,87.0276,89.0461,77.5660172,77.69583843,358887217.7,1175203426,3773042230
08-02-2023,09-02-2023,88.7836,89.94782573,85.0328,87.0781,209673845.9,1240412384,3977957940
07-02-2023,08-02-2023,84.0428,89.0667,84.0428,89.0012,163461012.5,1219812132,4080349161
06-02-2023,07-02-2023,85.64406661,87.46489029,83.6834,84.1081,161368748.3,1211659923,3967145288
05-02-2023,06-02-2023,88.818,89.07549993,84.2667,85.70760528,171142252.3,1227089842,3971977863
04-02-2023,05-02-2023,91.1105,91.92,88.7773,88.783,315375589.1,1268795135,4059529189
03-02-2023,04-02-2023,88.0774,93.97977867,87.7653,90.7846,322717226.2,1258940993,4100697916
02-02-2023,03-02-2023,88.2967,93.18614139,88.2418,88.2418,380787230.9,1281465209,4075674079
01-02-2023,02-02-2023,82.9518,88.307,80.43405068,88.307,171563778.5,1166938424,4174279293
31-01-2023,01-02-2023,81.1554,83.3717,80.40257805,83.1583,194358846.5,1152716936,3983079881
30-01-2023,31-01-2023,87.7522,88.2569,79.8654,81.0668,207340400.8,1178627070,3947643453
29-01-2023,30-01-2023,84.2945,88.4217,83.5679,87.8744,203237532.3,1221973771,4122245270
28-01-2023,29-01-2023,87.287,88.12135415,83.4635,84.1273,242618062.5,1211029983,4035211847
27-01-2023,28-01-2023,88.8969,89.4547,85.9315,87.1678,292610589.2,1227860524,4040344607
26-01-2023,27-01-2023,85.70564994,89.6805,85.24734971,88.8833,326219772.1,1227004163,4052808556
25-01-2023,26-01-2023,79.97431235,87.2163,78.3472,85.8218,294836372,1150964876,4087136284
24-01-2023,25-01-2023,86.584,88.34729233,79.2265,79.94604991,259034032.1,1206211054,3989900444
23-01-2023,24-01-2023,85.4841,89.0955,85.4841,86.7446,315528717,1223257911,4126078270
22-01-2023,23-01-2023,84.5564,89.71378416,83.8279,85.6173,248820686.4,1210453695,4112787151
21-01-2023,22-01-2023,87.6305,88.95805891,84.4343,84.4343,344107357,1222760784,4111241634
20-01-2023,21-01-2023,81.25334051,87.7258,79.7982,87.646,245851912.3,1159729952,4168372041
19-01-2023,20-01-2023,82.08670773,83.3201298,77.94924182,81.32315402,461716732.5,1136199402,3880838136
18-01-2023,19-01-2023,85.49295455,88.8992,78.36061576,82.42382133,497276780.7,1184190063,3821240970
17-01-2023,18-01-2023,80.4961002,90.71790705,79.47685591,85.65980201,389258281.6,1180972664,3960514040
16-01-2023,17-01-2023,79.075716,82.31427125,77.2548,80.42591495,416862573.9,1123782359,3998417562
15-01-2023,16-01-2023,75.9228,82.1128,72.9731,79.01378593,386453671.3,1084064527,3987716677
14-01-2023,15-01-2023,71.13715139,80.114,71.13715139,75.9318,415418808.6,1069028588,3922262323
13-01-2023,14-01-2023,67.7961,72.5689,66.80849985,71.18947238,261169194.6,965969854.1,3992118223
12-01-2023,13-01-2023,64.15942546,68.4085,63.70901924,67.8585,244569013.6,932134924.4,3707628544
11-01-2023,12-01-2023,61.8463427,64.27376386,60.0842,64.27376386,115059274.5,865628836.4,3695913443
10-01-2023,11-01-2023,61.17695851,62.6959,59.974,61.86406459,164065432.6,868636282.3,3568580212
09-01-2023,10-01-2023,59.24244907,62.91905597,59.1055,61.27201996,188418848.5,866104933.3,3530349868
08-01-2023,09-01-2023,55.9861,59.2950136,55.5378,59.21050838,115091181,813460064.7,3463504474
07-01-2023,08-01-2023,56.43729543,56.6902,55.7524032,55.9861,94239968.5,790996785.4,3413768335
06-01-2023,07-01-2023,55.404,56.70407823,54.06075016,56.50022697,116369324.5,778855358.1,3301998700
05-01-2023,06-01-2023,56.75591719,56.84308377,55.077,55.4365,157227027.3,784682154.8,3312606367
04-01-2023,05-01-2023,53.0545,57.39695407,52.6328,56.76825624,158846504.1,786270197.6,3314347562
03-01-2023,04-01-2023,52.9494,53.39076624,52.1152,53.0545,101286418.3,745018377.3,3255447152
02-01-2023,03-01-2023,52.04904102,53.8611,51.4546,53.057,98798760.85,748250454.6,3259957953
01-01-2023,02-01-2023,51.9069,52.3242,51.1197,51.94315591,83197193.01,730143902.1,3227963374
31-12-2022,01-01-2023,52.47047488,53.2806,51.76772578,51.9069,133970714.6,737857787.1,3214696112
30-12-2022,31-12-2022,54.4507,54.5953,51.6302,52.55826144,104764818.8,747000561.7,3223512666
29-12-2022,30-12-2022,53.70489783,54.84252931,53.6259,54.4507,88637575.86,765710207.3,3226050482
28-12-2022,29-12-2022,57.3275,57.6771,53.3529,53.72034711,113110534.5,779440120.2,3199820463
27-12-2022,28-12-2022,55.96909401,58.0033,55.4634,57.3275,75237269.29,796575278.2,3233831872
26-12-2022,27-12-2022,54.3762,55.9023,54.1908,55.9023,67708514.35,781003603.6,3257551432
25-12-2022,26-12-2022,54.3241,55.245,53.8214,54.3762,60230543.03,766707711.2,3242089709
24-12-2022,25-12-2022,54.5084,54.5891,54.1395,54.3594,54902334.32,766146799.7,3251272204
23-12-2022,24-12-2022,55.6534,56.0553,54.2559,54.5084,67662318.65,775960679.6,3235453368
22-12-2022,23-12-2022,55.9615,56.0845,53.679,55.6534,64806598.04,777312774.7,3248114594
21-12-2022,22-12-2022,55.76250312,56.3613,54.7963,55.9338,74469131.66,784716949.4,3236684264
20-12-2022,21-12-2022,53.7161,56.21630678,53.2814,55.76250312,97401367.75,782642787.7,3206481145
19-12-2022,20-12-2022,55.7808,56.3958,53.3133,53.7161,59157189.63,778652139.4,3121436396
18-12-2022,19-12-2022,55.9306,56.3474,55.0504,55.89265324,60694502.41,785191557.6,3172795511
17-12-2022,18-12-2022,54.98405077,55.91797843,53.2475092,55.91797843,129930144.9,776616377.5,3158324185
16-12-2022,17-12-2022,60.97181395,61.2611,54.43755618,54.9832,90970809.95,826620501,3132275872
15-12-2022,16-12-2022,62.63792802,62.9984,60.8356,60.9636,111665046.3,872868774.8,3298506328
14-12-2022,15-12-2022,62.05495196,63.4317,61.85574145,62.67649077,105791279.2,882355425.5,3365756990
13-12-2022,14-12-2022,60.2847,63.6139,58.5612,61.94940433,98302106.02,860845779.7,3391885247
12-12-2022,13-12-2022,60.0331,60.91467503,58.7146,60.35,63172397.17,840030796.4,3279115063
11-12-2022,12-12-2022,61.5138,61.7494,59.8048,60.0331,41106518.64,864473622.4,3251882795
10-12-2022,11-12-2022,61.5694,62.13,61.4858,61.4858,53483254.84,871854780.1,3287505867
09-12-2022,10-12-2022,62.92629381,63.3479,61.283,61.5364,70874478.34,880557395.4,3286969532
08-12-2022,09-12-2022,61.36621575,63.4962,60.9047,62.92629381,87422035.97,872041586,3301337973
07-12-2022,08-12-2022,63.9443,63.9443,60.5276,61.36621575,81963443.66,876808621.5,3238329435
06-12-2022,07-12-2022,64.316,65.3347,62.8927,63.8829,84038804.28,899002949,3284089091
05-12-2022,06-12-2022,64.441,66.94686938,63.9694,64.316,84046441.82,917621493.9,3302384481
04-12-2022,05-12-2022,62.8039,64.463,62.6708,64.441,65923667.27,899460183.6,3394513471
03-12-2022,04-12-2022,65.6563,66.1753,62.6531,62.8039,90993210.39,904425407.6,3325616863
02-12-2022,03-12-2022,63.5394,65.75494507,62.5227,65.6237,96212570.79,907521948.6,3396373281
01-12-2022,02-12-2022,65.30379008,65.32268262,63.2647,63.5032,120843447.2,903505425,3375691819
30-11-2022,01-12-2022,61.5411,65.8141,61.5411,65.29957661,117330381.6,901648766.7,3337864258
29-11-2022,30-11-2022,60.1554,62.3383651,59.7671,61.6043,118724071.6,864476598.6,3341267760
28-11-2022,29-11-2022,61.42427587,62.1081,58.6295,60.15352407,173717947.7,846122517.7,3146356876
27-11-2022,28-11-2022,61.63180335,63.0971,60.3503,61.4086731,183466519.5,875924741.2,3206052277
26-11-2022,27-11-2022,58.9965,62.082,58.9965,61.72890319,146217562.8,852729164.2,3184731897
25-11-2022,26-11-2022,58.0501,59.71103231,56.8159,59.01700623,113248898.7,822050378.4,3188608053
24-11-2022,25-11-2022,58.359,59.5394,57.45223221,58.0285,143462814.5,823109812.9,3132863118
23-11-2022,24-11-2022,57.3474,58.60623818,56.6138,58.2957,449264083.2,812139785.7,3287396596
22-11-2022,23-11-2022,55.86188718,57.6393,50.5604,57.1167,255460713.4,769471605.3,3238651038
21-11-2022,22-11-2022,56.0844,57.17196417,54.2951,55.92690372,151490915.9,790851076.6,3520820138
20-11-2022,21-11-2022,58.5671,61.1718,56.0351,56.1059,118534416.2,829157656.4,3476294605
19-11-2022,20-11-2022,58.30973482,58.9521,56.9772,58.5239,88885775.21,815579582.4,3642475157
18-11-2022,19-11-2022,58.50333861,60.92770491,57.5074,58.32570325,113768826.4,832980050.7,3611131142
17-11-2022,18-11-2022,58.30938413,59.207,56.9106,58.51106243,128179940.4,823195814.9,3640449134
16-11-2022,17-11-2022,61.0095,61.8325,57.38950661,58.32360555,163282050.4,836349011.9,3667212490
15-11-2022,16-11-2022,58.91997286,62.7985711,58.4506,61.097,179858478.2,848906154,3698028157
14-11-2022,15-11-2022,56.5464492,59.59498834,53.69951407,58.76871367,221163985.2,803033254.1,3758642019
13-11-2022,14-11-2022,57.8801,60.2288,56.04736012,56.71255673,222265122.1,816058735.9,3883437862
12-11-2022,13-11-2022,63.8354,63.8354,57.23923319,57.7196,292679745.1,834155044.6,3863064849
11-11-2022,12-11-2022,67.879,68.5095,60.7542,63.8174,249901737.9,915810166.9,3915512486
10-11-2022,11-11-2022,57.96613742,70.3459,57.48142184,67.9520844,399178716.6,916881968,3950913190
09-11-2022,10-11-2022,72.24392728,72.78236168,57.31899444,57.71224171,457193121.4,947613469.3,3421749290
08-11-2022,09-11-2022,87.3238,88.1444,69.2086,72.055068,337536645,1138491941,3869325349
07-11-2022,08-11-2022,86.6516,90.1632,84.4217,87.4874,242438695.5,1233861748,4465584468
06-11-2022,07-11-2022,96.3205,96.3205,86.8885,86.9555,246276923.8,1286117493,4382788982
05-11-2022,06-11-2022,94.5605,97.9782,93.69949919,96.2436,348669964.7,1351221907,4520026481
04-11-2022,05-11-2022,83.74263108,97.14997272,83.54927594,94.6164,342945507.2,1293723124,4549130841
03-11-2022,04-11-2022,80.41248904,86.22531563,80.02032429,83.70500286,219277131.2,1182287788,4317253210
02-11-2022,03-11-2022,84.2273,85.487,79.40618147,80.42797127,152425886.1,1167922331,4277687858
01-11-2022,02-11-2022,83.85695464,85.8989,83.65743484,84.2917,164890488.9,1196295298,4335736559
31-10-2022,01-11-2022,83.8877,86.5438,82.6709,84.02305809,134707836,1183863259,4305195689
30-10-2022,31-10-2022,85.38603485,86.7934,82.86983119,83.9348,145572040.1,1194843173,4385000067
29-10-2022,30-10-2022,84.15261276,87.04251495,83.946,85.37787359,163526145.9,1199835979,4434350424
28-10-2022,29-10-2022,81.48175111,84.82701575,80.9033,84.2234,185752944.1,1167455366,4267178242
27-10-2022,28-10-2022,83.47296584,86.93653923,81.2929,81.71217606,277324935.2,1184101268,4213270815
26-10-2022,27-10-2022,82.03611397,84.72236063,81.09647057,83.44257537,342665468.1,1174046705,4303716913
25-10-2022,26-10-2022,85.1639,85.7045,81.75749514,82.4927938,272060898.2,1177171217,4131663421
24-10-2022,25-10-2022,88.8195,89.8065,84.7573,85.0317,280815049.4,1230034893,3881864979
23-10-2022,24-10-2022,82.0513,89.78596467,81.5982,88.8766,147076906.5,1179371278,3942156260
22-10-2022,23-10-2022,82.0641,83.6335,81.3439,82.03986116,214741937.4,1163278259,3817882170
21-10-2022,22-10-2022,80.7393,83.0282,78.7499,82.0491,251246006.3,1140591445,3820504652
20-10-2022,21-10-2022,82.7883,83.72,80.28511261,80.7282,298874139.8,1156497818,3880722565
19-10-2022,20-10-2022,82.4416,85.23247368,81.4989,82.7844,343735153.1,1167883794,3944463002
18-10-2022,19-10-2022,78.9127,83.2612,78.1567,82.7161,226958209.1,1126272399,4043475282
17-10-2022,18-10-2022,75.85386026,79.5561,74.86244304,78.9774,176375860.9,1091930455,4104776159
16-10-2022,17-10-2022,71.868,76.17605587,71.868,75.84881316,104067922.5,1043691741,4124962181
15-10-2022,16-10-2022,72.8336,73.2383,71.57156044,71.9124,138751736.2,1020151181,4073939331
14-10-2022,15-10-2022,71.03241549,74.5363,70.90421933,72.9495,203944941.1,1027623087,3973715967
13-10-2022,14-10-2022,71.5881,71.89432209,65.59983847,71.05953187,165733922.8,976141337.4,3971536483
12-10-2022,13-10-2022,71.4282,72.6331,71.1914,71.5881,105479843.1,1013622968,4151340801
11-10-2022,12-10-2022,73.60255086,73.60255086,71.2448,71.3633,114676561,1020075075,4172663319
10-10-2022,11-10-2022,75.3966,76.4318,73.498,73.71326316,87366887.93,1055383591,4183893692
09-10-2022,10-10-2022,74.6279,75.8863,74.2997,75.3966,75719819.84,1059089836,4260368549
08-10-2022,09-10-2022,75.806182,76.08653908,74.0322,74.6279,95585688.13,1062563987,4238522376
07-10-2022,08-10-2022,77.4321,78.14293213,75.12885078,75.79609247,125052826.9,1081333195,4285317053
06-10-2022,07-10-2022,78.7115,80.2482,77.28872629,77.41611157,142776566.1,1111336883,4346642652
05-10-2022,06-10-2022,78.8471,79.1091,76.01346217,78.7903,140471751.9,1095872780,4343386250
04-10-2022,05-10-2022,75.6004,79.60821989,75.5834,78.945,153943608.1,1093573897,4310355499
03-10-2022,04-10-2022,72.66313454,76.1006,72.18162649,75.7082,135446992.6,1049251312,4225060836
02-10-2022,03-10-2022,74.511,75.5524,72.70147395,72.70147395,115183309.5,1045321318,4220253694
01-10-2022,02-10-2022,74.61106287,75.62162097,74.0216,74.4669,159120620.8,1054809309,4272271850
30-09-2022,01-10-2022,76.90817294,77.8084,73.82756018,74.58813007,137730260.5,1075189333,4299518635
29-09-2022,30-09-2022,76.8020396,77.442,74.4286,76.9529079,160619706,1075204197,4334581308
28-09-2022,29-09-2022,76.74697941,78.01107449,73.24966586,76.78893742,212558076.3,1065789506,4358902185
27-09-2022,28-09-2022,76.2875,80.7728,74.74744294,76.56854461,189481091.7,1102272482,4357110306
26-09-2022,27-09-2022,73.7141,76.4178,72.7644,76.2539,158019113.8,1054546263,4324412418
25-09-2022,26-09-2022,74.9993,77.54648408,72.95307419,73.8935,104252125,1065039481,4363741977
24-09-2022,25-09-2022,77.09803074,77.32448152,74.89397105,75.05068361,149217552.3,1077755633,4389390371
23-09-2022,24-09-2022,76.69871959,78.56,73.1499,76.96833169,179771993.7,1068972577,4390935565
22-09-2022,23-09-2022,71.79743315,77.37777386,71.64326055,76.86956206,243118092.1,1056122112,4388099446
21-09-2022,22-09-2022,74.0532,78.50722493,70.58983979,71.8510177,190613147.7,1056944821,4171432721
20-09-2022,21-09-2022,76.35610869,76.97903938,73.8794,74.0493,193475601.2,1063621773,4344089675
19-09-2022,20-09-2022,73.08470573,76.84163563,71.14507707,76.46060955,234981635.3,1042718092,4329078841
18-09-2022,19-09-2022,81.52172717,81.85884023,72.5953,72.95533016,123162923.8,1109573655,4324573332
17-09-2022,18-09-2022,79.34471863,81.60694914,79.21839983,81.60694914,161069630.5,1131453355,4623681654
16-09-2022,17-09-2022,78.5627,80.3773,77.46535095,79.19663816,230867657.1,1110861880,4623598475
15-09-2022,16-09-2022,83.57887186,83.6766,78.16399468,78.3799,272773198.7,1137807189,4700928310
14-09-2022,15-09-2022,83.0244335,85.31171702,81.324,83.74558117,267883942.8,1183330781,4967789394
13-09-2022,14-09-2022,90.94445967,92.9448,82.73726678,83.02481617,290356806.3,1243618487,5072026072
12-09-2022,13-09-2022,91.58421959,96.60565525,89.54107981,90.78279426,170427695.2,1296501896,5357946711
11-09-2022,12-09-2022,92.7888,95.5687,90.19151105,91.45230955,157642698.6,1296867259,5462930184
10-09-2022,11-09-2022,91.16345708,93.72232098,89.97579471,92.821,135158944.7,1290403590,5493838025
09-09-2022,10-09-2022,88.2689,93.4666,88.2689,91.03383313,129460825.3,1274490476,5405436768
08-09-2022,09-09-2022,87.42903663,89.7356,86.1098,88.2792,127881535.6,1231392422,5195128663
07-09-2022,08-09-2022,83.56753617,88.9372,82.17758697,87.61747885,144542845.1,1180537441,5177265415
06-09-2022,07-09-2022,91.2157,93.39481058,83.54049586,83.54049586,138409563.6,1260122181,4952908041
05-09-2022,06-09-2022,88.8202,91.4401,86.8161,91.40470683,86716214.68,1243976675,5287251374
04-09-2022,05-09-2022,87.06795646,88.8175,86.0497,88.6943,82155673.26,1227525527,5142541319
03-09-2022,04-09-2022,88.518,88.518,86.068,86.97183774,147811646.1,1219637230,5100531169
02-09-2022,03-09-2022,86.44653104,91.98521695,85.10849573,88.1171,124058308.1,1225636979,5111729389
01-09-2022,02-09-2022,84.9137,86.95206058,82.44140882,86.5135,118521656.6,1183890964,5006834336
31-08-2022,01-09-2022,84.718,88.4477,84.5996,84.8733,147859582.1,1211024180,4947234464
30-08-2022,31-08-2022,85.74925573,87.9695,81.8018,84.6472,134837789.5,1197517659,4851432858
29-08-2022,30-08-2022,78.515,85.9273616,78.3666,85.65905886,122063819.5,1149634327,4867227466
28-08-2022,29-08-2022,82.1271,83.3117192,78.8235,78.8235,116516675.5,1145906887,4666405801
27-08-2022,28-08-2022,82.99461396,83.52949515,80.75001857,82.2731,207585926.6,1150663719,4845453453
26-08-2022,27-08-2022,93.31158611,93.33969098,82.24962617,82.63838899,204900571.9,1253083791,4874158879
25-08-2022,26-08-2022,88.39905841,95.4969,87.9926517,93.37583501,160083704.4,1270462162,5187730266
24-08-2022,25-08-2022,89.37288692,91.2973,87.01225748,88.45424877,163095533,1245369071,5179203281
23-08-2022,24-08-2022,88.3325,90.66905574,85.35669,89.37771208,188080835.1,1237924629,5134530652
22-08-2022,23-08-2022,86.02804777,88.1246,82.47530401,88.1246,149689252.2,1189055011,5096661697
21-08-2022,22-08-2022,82.81290404,86.77780217,81.89626691,86.06330303,142372028.4,1181702238,5083349862
20-08-2022,21-08-2022,83.64692336,86.49621228,80.43675845,82.83928415,188018510.5,1179546044,5368752414
19-08-2022,20-08-2022,95.0768,95.0768,83.47913412,83.68898122,223336314.6,1230162405,5321593146
18-08-2022,19-08-2022,100.2123908,101.4167966,95.3829,95.3829,192174131.4,1395029084,5680636753
17-08-2022,18-08-2022,109.828174,111.6926264,99.76264742,100.1317883,178346494.5,1493004024,5741399168
16-08-2022,17-08-2022,107.2417,110.1652938,106.095,110.0640192,187490109.9,1512259973,5889466514
15-08-2022,16-08-2022,107.4291405,112.1736,104.7014,107.448,168926818.1,1511235689,5777292014
14-08-2022,15-08-2022,110.4683425,112.9873,106.6530423,107.5091682,139915175.6,1536160041,5789734377
13-08-2022,14-08-2022,114.494,115.2744,109.9742,110.4260681,198456291.1,1570524692,5827283897
12-08-2022,13-08-2022,107.5465,114.6504,106.1593,114.6504,193236161.1,1543313059,5881420046
11-08-2022,12-08-2022,110.9585932,113.5182618,106.7256678,107.5489,299511592.2,1533596278,5683284990
10-08-2022,11-08-2022,97.8689039,112.3383725,95.7067931,110.765456,253026605.4,1446817430,5678438979
09-08-2022,10-08-2022,102.6212,103.2868,96.0344,98.01382467,225670296.3,1396969911,5303801476
08-08-2022,09-08-2022,101.4115565,106.632048,101.1068825,102.3319,223852703.9,1450163297,5484844224
07-08-2022,08-08-2022,99.1737,104.0044223,97.3597,101.4268833,172378697.3,1407053258,5319509088
06-08-2022,07-08-2022,102.9102943,103.1244023,99.1164,99.2674,237353152.2,1411254650,5274375099
05-08-2022,06-08-2022,96.38153913,103.4821018,96.38153913,102.3327203,311716855.1,1409178005,5360787858
04-08-2022,05-08-2022,95.05992768,98.6426,93.8061,96.54018397,278554572.3,1343506126,5177967667
03-08-2022,04-08-2022,93.71893292,99.792,91.7935587,94.9967,325826742.1,1350292435,5206378080
02-08-2022,03-08-2022,96.83594312,99.07050239,88.85865837,93.89584153,322259558.8,1301350110,5136055448
01-08-2022,02-08-2022,97.6625,100.2963,94.28069155,96.76710774,438220902.8,1361009052,5209838228
31-07-2022,01-08-2022,94.99038582,108.0034565,94.2131,98.0126,405942679.6,1397955110,5289963889
30-07-2022,31-07-2022,95.9569,100.2781,94.1493,95.0086859,322541225,1350091535,5304595821
29-07-2022,30-07-2022,100.5389321,102.0497894,94.00410302,96.0966,479625144.2,1371721320,5346723117
28-07-2022,29-07-2022,94.59463592,102.9540592,90.58193782,100.4068667,526959299.6,1337141406,5333921375
27-07-2022,28-07-2022,81.14743246,95.29348224,79.0697,94.50713893,284274619.7,1180358946,5122622218
26-07-2022,27-07-2022,81.4528,82.33430602,76.6459,80.63568008,282581673.4,1113123096,4760069003
25-07-2022,26-07-2022,90.6873369,91.03473114,81.7057,81.7057,258271692.2,1191356110,4823625322
24-07-2022,25-07-2022,89.46518449,93.23345948,88.3543,90.82610125,256319031.6,1263346891,5056253941
23-07-2022,24-07-2022,89.5527,92.92755145,85.63640021,89.56743359,281179457.6,1240937405,5075644088
22-07-2022,23-07-2022,95.4528,96.0685,88.5587,89.6677,339685604.7,1293530281,5064893430
21-07-2022,22-07-2022,90.7941,97.37627434,88.24368633,95.5173,418047034.3,1286292024,4996728029
20-07-2022,21-07-2022,95.7496,100.5488,90.2192,90.6706,512882164.7,1329451456,4880532520
19-07-2022,20-07-2022,96.91626666,101.8247,92.8363,95.6332,601903080.2,1351585495,4962558288
18-07-2022,19-07-2022,88.32567821,98.60478571,87.90682371,96.33865326,487952010.9,1309478804,4998834362
17-07-2022,18-07-2022,92.80120014,93.16944054,87.0421,88.58088687,462357703.2,1250574151,4658983684
16-07-2022,17-07-2022,90.40461681,94.79323643,87.5231,92.68476866,576841040.3,1258542103,4720636852
15-07-2022,16-07-2022,90.8903,94.1313,87.32270684,90.42545746,863957005.8,1271301693,4478497087
14-07-2022,15-07-2022,79.6003,91.75970467,77.66280868,90.8661,834519234,1145026872,4446071462
13-07-2022,14-07-2022,68.2971,79.5377,67.74293555,79.4239,524195140.9,1011609001,4293998354
12-07-2022,13-07-2022,69.84675978,71.52799733,65.76156195,68.19322924,402829837,957888535.9,4177158610
11-07-2022,12-07-2022,77.43583578,78.047,69.6414206,69.91953107,513664132.4,1054457381,4701078085
10-07-2022,11-07-2022,81.93737539,81.93737539,74.98203694,77.76117824,591278291.8,1092180279,4888900820
09-07-2022,10-07-2022,71.62944143,82.0429,71.2945,81.78407431,395808753.1,1044519038,5022428738
08-07-2022,09-07-2022,71.19492445,74.84097954,68.31951482,72.53613966,523363213.2,992008969.2,5058548699
07-07-2022,08-07-2022,62.93138839,71.89903769,62.216,71.14725438,280536860.8,915625111.3,5597550401
06-07-2022,07-07-2022,60.70818208,63.7209,59.8339,62.86071712,254962714.5,857948703.1,5432459125
05-07-2022,06-07-2022,62.9738,64.04220872,58.24538177,60.55853164,250388770.7,850933245.5,5305727830
04-07-2022,05-07-2022,57.6498,63.103,56.2338,63.0835,222666890.1,820393768.6,5249675335
03-07-2022,04-07-2022,57.81805348,58.3767,54.8635,57.7334,208972732.9,786591491.7,5035719276
02-07-2022,03-07-2022,56.17130141,58.29094002,54.9328,57.79485472,224811557.9,786825956.7,4966119583
01-07-2022,02-07-2022,57.05173441,58.6817,55.1523,56.17359905,290193915.3,790018405,4794985462
30-06-2022,01-07-2022,59.782,60.0615,53.447,57.04309664,254134529,772529539,4721570060
29-06-2022,30-06-2022,60.0238,61.3845,58.38181783,59.3856,269998676.5,837207993.8,4874071729
28-06-2022,29-06-2022,65.36402736,68.81194851,59.6599,60.1009,229041866.6,904903061.5,5052734092
27-06-2022,28-06-2022,65.4095,67.9553,63.11564464,65.393,202846958.8,914585860.1,5287140518
26-06-2022,27-06-2022,69.92053843,72.83194092,65.4915,65.5229,286496244.4,971307815.3,5351640070
25-06-2022,26-06-2022,70.94244267,75.0307,66.85238121,69.90606321,392448903,984321140.9,5465500821
24-06-2022,25-06-2022,67.7706,72.28617966,65.5204,72.0954587,388457175.7,942671066.3,5376452917
23-06-2022,24-06-2022,61.97143793,69.07385024,61.97143793,68.1986,418299085.2,916238886.6,5150007242
22-06-2022,23-06-2022,66.27226302,67.32689108,61.55555532,62.45645111,532830673.3,885829169.1,4887993621
21-06-2022,22-06-2022,61.5868,75.60432667,60.03732405,65.57043737,625120873.5,934535182.5,4688942941
20-06-2022,21-06-2022,54.0248,62.6277,50.55877502,62.0186,442711527.7,799205467.1,4622626855
19-06-2022,20-06-2022,49.4528,54.8825,46.12197803,53.9884,401912668.4,694796740.4,4602522829
18-06-2022,19-06-2022,57.3118,58.38140848,45.87707033,49.3468,262808181.4,726107896.5,4231245210
17-06-2022,18-06-2022,56.2975,59.4288,55.73349177,57.3941,319599686,803132418.9,4617150986
16-06-2022,17-06-2022,66.48771159,67.88296372,55.27610554,56.2135,491414879.8,841565141.4,4554257342
15-06-2022,16-06-2022,62.1358,66.4785,53.11032546,65.88093243,466261838.4,817466532.7,5279736540
14-06-2022,15-06-2022,59.2658965,63.27253454,53.71804353,62.2866,668120468.7,832815435.3,5276455286
13-06-2022,14-06-2022,70.37220961,70.45201712,55.85302786,58.7401,568575919.6,850833906.7,5367202139
12-06-2022,13-06-2022,77.1191,77.5652,69.3924,70.76195123,444109801.3,1021521503,7058216975
11-06-2022,12-06-2022,87.92720996,89.0088,76.00574889,76.9071,305127110.3,1150000131,7462188977
10-06-2022,11-06-2022,95.85923463,96.8227,86.51146721,86.818817,237453964.9,1274191283,7762957557
09-06-2022,10-06-2022,96.39501835,99.37655569,94.87790709,95.79648776,246001056.4,1343622332,8038386529
08-06-2022,09-06-2022,99.2557,101.4051597,95.9573,96.38299616,289901107.4,1361502743,8167652202
07-06-2022,08-06-2022,105.9662,106.1561,96.0742,99.5274,335874183.9,1380800605,8334883548
06-06-2022,07-06-2022,103.7977427,111.6083864,103.7977427,105.9665913,295679599.9,1496893984,8368920323
05-06-2022,06-06-2022,106.7999068,106.8635121,103.5163053,103.6576575,178766239.1,1464255460,8282577377
04-06-2022,05-06-2022,107.0651379,107.6407,102.8633,106.7164944,265601490,1462232476,8264917374
03-06-2022,04-06-2022,110.9921615,112.9328,104.0718044,107.1833292,338096593.1,1498853843,8173292713
02-06-2022,03-06-2022,106.2330175,111.8013916,103.5526058,111.1644038,507158550.2,1480581781,8274641733
01-06-2022,02-06-2022,112.9007819,119.9174,101.9646644,106.6123307,592858913.2,1565104623,8242127366
31-05-2022,01-06-2022,117.373,123.3626886,112.4190512,113.7537976,731974683.3,1617290315,8825712377
30-05-2022,31-05-2022,95.3594,121.3904835,94.5815,117.5867,364945166.9,1468708656,8918241367
29-05-2022,30-05-2022,95.4071948,96.42684554,91.7682,95.1368,254226319.6,1309367651,8402046371
28-05-2022,29-05-2022,92.1240356,95.8393,90.8915,95.33684687,414154351.1,1299747734,8473746909
27-05-2022,28-05-2022,101.0853,101.4783,90.0113,92.16344846,654563831.1,1306907713,8216553076
26-05-2022,27-05-2022,101.8846,105.3297,93.38464332,101.9845454,482247058.2,1403471142,8299840822
25-05-2022,26-05-2022,106.5516,107.1867785,98.59237592,101.7300479,484798269.3,1418004304,8555919244
24-05-2022,25-05-2022,99.10804597,107.4531,93.318,106.6789,596056162,1372786103,8679933954
23-05-2022,24-05-2022,94.17480744,107.9716,92.0866,99.47882601,395251221.6,1377847779,8586499559
22-05-2022,23-05-2022,91.22198907,96.33095068,90.6064,94.58989298,218755604.8,1275683955,8534032654
21-05-2022,22-05-2022,90.15031456,92.64711381,88.68905204,91.3907793,347685493.8,1250718547,7971421878
20-05-2022,21-05-2022,91.54291928,97.54033437,84.77861577,90.32623904,368644780.4,1254883201,7959020577
19-05-2022,20-05-2022,81.621,91.66634827,79.5634,91.46433039,328692982.4,1174731646,8384133040
18-05-2022,19-05-2022,92.57064719,95.73880239,81.5748,81.8139,341587321.6,1208838020,8063194704
17-05-2022,18-05-2022,83.58671604,93.1154,83.58671604,92.50455122,255585684.6,1228683039,8657870001
16-05-2022,17-05-2022,91.84156839,91.84156839,81.3937,84.03817562,248739916.3,1163005923,8250595762
15-05-2022,16-05-2022,86.5262,92.00451074,82.37940145,92.00451074,198763258.3,1194544185,8818462357
14-05-2022,15-05-2022,82.321,86.6934,77.88707756,86.6934,277726069.1,1125005285,8520650769
13-05-2022,14-05-2022,76.988,92.4618,75.8117,81.7511,549051701,1177720264,8315805137
12-05-2022,13-05-2022,81.8687,87.9692,65.161,77.5108,843008137.6,1039046441,8158039717
11-05-2022,12-05-2022,105.1687,108.122,76.82272142,81.4444,685420251.7,1309414389,8825158032
10-05-2022,11-05-2022,99.89776831,117.635642,97.59802541,105.134,776321492.4,1497478197,9662875406
09-05-2022,10-05-2022,125.9801067,128.5961,100.7258145,101.6311328,371756430.6,1588399274,9664165605
08-05-2022,09-05-2022,132.0907,132.8974518,125.3171765,125.3171765,351351626.7,1780811795,10622351795
07-05-2022,08-05-2022,138.3955,138.6542336,129.1984,132.5567,356052845.6,1869240426,11018267758
06-05-2022,07-05-2022,141.5743,142.5989828,133.6353102,138.4477,527257774.1,1902241591,11183127467
05-05-2022,06-05-2022,159.3278,161.9407,137.457437,141.7522,516158305.9,2084598984,11162666363
04-05-2022,05-05-2022,141.0289013,158.9523263,140.9427849,158.9523263,418872776.8,2023358883,11697870029
03-05-2022,04-05-2022,144.0169194,146.2484,139.2548679,140.9944371,376698316.7,1964561687,11261439815
02-05-2022,03-05-2022,146.3944,148.5105,139.341,143.8603706,372764480,1984205833,11414320160
01-05-2022,02-05-2022,142.4165703,148.3016871,140.3249068,146.7131,486824004.2,1966722276,11286348852
30-04-2022,01-05-2022,157.2158676,162.3820556,140.8096,142.6181207,458259394.9,2133018266,10877312946
29-04-2022,30-04-2022,166.1214,167.8286521,151.8452,157.083935,497290519.2,2190402890,11143989311
28-04-2022,29-04-2022,168.4315,175.8353,164.9345876,165.8661,706559476.6,2331093556,11487951586
27-04-2022,28-04-2022,157.772,174.448,157.2761,168.5448076,971133583.1,2303537613,11574910528
26-04-2022,27-04-2022,168.9097133,178.621,155.7351,156.8901197,567773442.4,2301510643,11308743615
25-04-2022,26-04-2022,166.2790546,170.495,153.9427,169.0964572,403457396.7,2221522148,11951486780
24-04-2022,25-04-2022,173.4769,174.6206,165.847,166.2524165,207979694.7,2337847409,11815884213
23-04-2022,24-04-2022,176.9433,178.9224,173.6213083,173.6957,312378207.2,2409643607,11719234424
22-04-2022,23-04-2022,173.7615,180.302838,171.883915,177.0859,513079436.8,2415235866,11922258494
21-04-2022,22-04-2022,186.1639193,195.6106948,171.4496332,174.014,597228569.3,2545551859,12125629736
20-04-2022,21-04-2022,182.9993,197.6815,179.3074,186.437998,569783455.1,2558071595,12723860110
19-04-2022,20-04-2022,168.8092,183.8549,166.5730673,183.0021,387098124.7,2374113583,13447766334
18-04-2022,19-04-2022,167.0487,169.8002,158.3152,168.7987,369607159,2243958681,13334436116
17-04-2022,18-04-2022,172.3594,177.2948969,166.6407,166.6407,185341647.8,2368466924,13066096088
16-04-2022,17-04-2022,175.9895,175.9895,170.3788,172.5264,232800007.4,2370350990,13279680192
15-04-2022,16-04-2022,171.9870495,176.4104,169.0527,176.2059,348679745.1,2371497341,13184236432
14-04-2022,15-04-2022,178.1936,179.9498,167.1331,172.0002689,481452053.7,2376898335,13060555961
13-04-2022,14-04-2022,164.4701117,179.072,162.9115,178.3519,447911322.5,2324472597,13429830807
12-04-2022,13-04-2022,157.7482712,170.9264,157.1720275,164.7487239,488486769.7,2255404710,12984265296
11-04-2022,12-04-2022,176.5814,177.8747,156.4923,157.4762075,426947208.5,2280348937,12697877732
10-04-2022,11-04-2022,184.7768408,184.7768408,184.7768408,184.7768408,344868608,2527772866,13419249054
09-04-2022,10-04-2022,183.4118,185.3163952,177.2116,184.7866487,435709304.8,2487359489,13521833915
08-04-2022,09-04-2022,202.077823,202.077823,181.8905,183.5084,595925756,2655162721,13298715297
07-04-2022,08-04-2022,191.2640779,206.6411,191.2640779,202.5008718,795480962.9,2747707607,13635242962
06-04-2022,07-04-2022,220.9505437,220.9505437,191.1544502,191.1544502,599794521.2,2827090454,13337660271
05-04-2022,06-04-2022,238.1496353,238.1496353,221.2210077,221.3554812,480350926.2,3158784006,14156783102
04-04-2022,05-04-2022,242.8348169,242.8348169,226.1423957,238.3108323,645634732.4,3240364681,14195062244
03-04-2022,04-04-2022,237.6003885,252.0324652,231.8548233,242.7162154,873449147.6,3318259200,14261531832
02-04-2022,03-04-2022,244.4744,254.4716599,236.3374,236.7885963,1703541155,3332918895,13994594349
01-04-2022,02-04-2022,206.9770838,260.2685981,206.9770838,245.3268014,1484259760,3177434627,14082509350
31-03-2022,01-04-2022,223.4659241,227.5872,205.7996362,206.2421823,1220711209,2980240089,13574515897
30-03-2022,31-03-2022,221.4447372,240.4524,213.620321,224.4268634,2708140076,3105008904,13898161619
29-03-2022,30-03-2022,167.4925291,218.3086268,167.4925291,218.2507763,1068015607,2638338338,13909449879
28-03-2022,29-03-2022,169.1085875,178.572,166.8282817,167.0064424,378060172,2350870304,13524135543
27-03-2022,28-03-2022,163.4015942,169.0420069,159.673984,169.0420069,280965122.1,2234768039,13370685282
26-03-2022,27-03-2022,162.5357922,166.5004906,161.1897735,163.4581712,447123293.8,2238518276,12887145826
25-03-2022,26-03-2022,168.2711245,173.8532717,160.9830786,162.9370188,702617327.3,2282132969,12776123957
24-03-2022,25-03-2022,156.050368,171.9489,153.909636,168.7201204,509878562.8,2203853131,13022625901
23-03-2022,24-03-2022,152.8704537,156.7975093,150.671538,156.1344226,360436872.8,2091079412,12889565140
22-03-2022,23-03-2022,154.1715151,161.3841343,152.2638743,152.9942896,519657993.2,2141701893,12798193368
21-03-2022,22-03-2022,152.5018768,161.4352042,147.4115652,154.4791951,516619298.2,2101543081,12655434440
20-03-2022,21-03-2022,157.2065456,158.425,147.6062418,152.4775504,430779928,2100928290,12615946254
19-03-2022,20-03-2022,159.9774619,164.9921699,155.5873618,156.9277245,628964965.4,2192071278,12824959331
18-03-2022,19-03-2022,155.612596,163.5216,148.1509191,160.8374563,889457450.9,2117620277,12564111430
17-03-2022,18-03-2022,141.6987186,156.3925107,136.9437978,156.3925107,692778822.9,1959794522,12175874556
16-03-2022,17-03-2022,122.0299785,141.7601854,121.2524925,141.7601854,252892745.2,1739322398,11994254117
15-03-2022,16-03-2022,118.4266214,122.4597,114.2762451,121.7028445,153500449.8,1605729778,11450823871
14-03-2022,15-03-2022,115.7975018,121.0022,113.6189,118.3571798,182472209.7,1603715737,11289709127
13-03-2022,14-03-2022,120.2594288,120.545,115.4104059,115.9805355,154119038.2,1623656687,11038345218
12-03-2022,13-03-2022,116.6199498,121.2923581,116.6199498,120.2888721,146310016.8,1633550251,11270905110
11-03-2022,12-03-2022,119.2821815,120.782075,114.9544361,116.7217019,183363698.7,1598995317,11210660839
10-03-2022,11-03-2022,127.4180687,128.1540703,117.8908558,119.3541021,220226168.9,1647126830,11563734098
09-03-2022,10-03-2022,121.7863793,130.138757,121.6621611,127.6225531,304286796.9,1736008529,11974240628
08-03-2022,09-03-2022,116.7073906,124.7361,116.7073906,121.7400768,328348919.6,1651155787,11443666013
07-03-2022,08-03-2022,117.052732,123.6548473,113.6814153,117.0348181,237922459.1,1596915825,11404642231
06-03-2022,07-03-2022,124.5787,125.636,117.1341847,117.2301829,176675279.4,1647387103,11329844983
05-03-2022,06-03-2022,124.1352139,126.2212098,122.6670356,124.5904082,247473301.3,1696069775,11562876944
04-03-2022,05-03-2022,130.0226118,131.626996,122.383609,123.8548772,355622009.8,1742631504,11420734580
03-03-2022,04-03-2022,137.6597897,137.6698,127.3416,129.863105,358155308,1800906848,11981540112
02-03-2022,03-03-2022,143.2959,145.6592119,136.7143885,138.3105309,387089504.3,1919375470,12237824500
01-03-2022,02-03-2022,146.0057,150.1635,140.7974,143.7857,443960599.6,1959924066,12430232825
28-02-2022,01-03-2022,131.5734889,145.7425,128.6166706,145.7425,448724599.7,1852950543,12216909495
27-02-2022,28-02-2022,136.3086,144.2874366,129.9350694,131.7564391,348530749.8,1849925996,11410557687
26-02-2022,27-02-2022,139.5474087,143.4042554,135.2081,136.0606,391801811.7,1895095243,11886722997
25-02-2022,26-02-2022,125.4820571,142.9438,122.0261392,139.8782234,385204627.1,1784628392,11898245673
24-02-2022,25-02-2022,130.4048351,131.2717805,112.9025848,125.2605361,347637212.4,1647432291,11574410184
23-02-2022,24-02-2022,134.4932,142.7815,131.417874,131.417874,295692259.8,1872415970,11463638762
22-02-2022,23-02-2022,128.9523396,136.5097,126.1530493,134.9178,353155480.7,1791635934,11648302106
21-02-2022,22-02-2022,137.1753443,144.5956,128.5733675,128.5733675,266215183.6,1884942726,11469448839
20-02-2022,21-02-2022,146.1467721,146.3581,135.4494018,137.6196187,205122533.7,1883472330,11909778097
19-02-2022,20-02-2022,145.6952456,148.834471,141.4732184,146.1663688,258360062.5,1974504508,12296145799
18-02-2022,19-02-2022,152.9551,155.3387,144.232,145.8652549,331004084.1,2030026629,12343054792
17-02-2022,18-02-2022,170.4242,173.4064,151.2715859,152.5538,253563015.7,2206302451,12615338221
16-02-2022,17-02-2022,172.195,174.1084548,163.2336,170.6768,198650178,2289480468,13435711672
15-02-2022,16-02-2022,161.0695595,172.6349163,160.5997837,172.0451,195383644.1,2237965958,13633804501
14-02-2022,15-02-2022,158.0066,161.192872,153.577,161.192872,149706012.9,2120808131,13134876155
13-02-2022,14-02-2022,162.0781,164.6594,156.1347691,158.905,142235646.4,2185517789,13171728619
12-02-2022,13-02-2022,163.3262,168.3036979,160.4938,161.5777,209678355.7,2224409637,13263835561
11-02-2022,12-02-2022,175.5589761,180.8480654,160.7998,163.1732,266925691.1,2364576002,13280197505
10-02-2022,11-02-2022,188.0709,188.7745,175.3850737,175.8762447,264810666.3,2467205348,13613964207
09-02-2022,10-02-2022,183.9702559,190.4371,176.7892,188.4495,311455667.2,2490562474,13921554994
08-02-2022,09-02-2022,181.4357684,192.3097098,174.4308876,184.3526918,333841314.2,2457283473,13555706388
07-02-2022,08-02-2022,173.7409978,183.3332976,170.3145,181.9156007,248833559.7,2416458305,13372777506
06-02-2022,07-02-2022,166.5828,173.4094023,166.4382,173.3516941,202542072.6,2289094571,12894553032
05-02-2022,06-02-2022,166.9768414,173.2885225,165.1349683,166.2879,278878156.1,2281736333,12683510712
04-02-2022,05-02-2022,152.7117,166.6482397,151.5801894,166.6482397,224238258.5,2136861471,12344671508
03-02-2022,04-02-2022,151.3091,152.8167812,145.9552,151.8305,214450888.8,2021292571,11577341739
02-02-2022,03-02-2022,163.6933,164.2896,150.2846506,151.0017,244409566.7,2140749372,11587303422
01-02-2022,02-02-2022,157.7295718,167.9257037,157.7295718,164.2642,280000305.7,2204855033,11970445624
31-01-2022,01-02-2022,148.9857,158.3174,142.0757,157.4215365,189187587.7,2017210047,11682142830
30-01-2022,31-01-2022,153.8988902,155.1651075,146.4887,149.0578,187130994.6,2051175548,11683368208
29-01-2022,30-01-2022,149.0593,156.7582,148.119707,153.729,240569531.4,2056421025,11588619885
28-01-2022,29-01-2022,144.2469975,150.3891,139.9041038,149.151,304072431.3,1959485514,11379395821
27-01-2022,28-01-2022,146.3089423,150.9817797,138.1806,144.3982778,378708343.6,1950392016,10748258352
26-01-2022,27-01-2022,152.0660738,162.8866,142.9348808,146.06346,344764741.7,2073339644,11317137996
25-01-2022,26-01-2022,151.8976,155.7462,146.1607996,152.8049695,451077412.5,2031580660,11064054533
24-01-2022,25-01-2022,158.3335,158.3335,131.7466995,152.3481,415480690.6,1963096943,10961823985
23-01-2022,24-01-2022,146.517387,162.6905431,145.8304284,157.9196,494813224.4,2061203129,11303364949
22-01-2022,23-01-2022,171.0901,175.0249305,138.32,146.1870735,611534926.1,2075228375,10731249418
21-01-2022,22-01-2022,198.5417088,200.2422437,165.3153454,169.5697,522289182,2508472302,11639005807
20-01-2022,21-01-2022,210.5100821,220.9553938,198.7790717,198.7790717,388948574.6,2880537585,12555271623
19-01-2022,20-01-2022,232.473,236.2672361,210.5732166,210.5732166,661475482.9,2964287182,12941209884
18-01-2022,19-01-2022,226.6538487,239.971639,223.0097,232.1389,696449991.8,3115164473,13071527866
17-01-2022,18-01-2022,242.2752973,243.5773433,221.9412,226.8011826,462612353,3114658692,12669487041
16-01-2022,17-01-2022,238.975239,244.6939,231.5398485,242.1713808,584914443.2,3193494942,13090403437
15-01-2022,16-01-2022,224.1290686,243.1223774,222.9927714,239.4629933,613644211.6,3154940421,13076201081
14-01-2022,15-01-2022,208.8423,226.4442654,204.9377795,224.6688574,442271009.3,2891709849,13044843504
13-01-2022,14-01-2022,218.3675,221.2775695,207.9491084,209.2043,377646852,2895141802,12969244881
12-01-2022,13-01-2022,213.1065,222.1321243,210.8908835,218.3125,394010646,2931024306,13424139133
11-01-2022,12-01-2022,199.9927,216.277796,197.3711983,212.9469,482869169.2,2789321581,13087214366
10-01-2022,11-01-2022,209.3974362,213.1127,189.4387157,199.5857,424811078.9,2744239644,12498918404
09-01-2022,10-01-2022,211.4433126,218.8652678,208.8159,209.7382231,603024459.9,2885397782,12684801642
08-01-2022,09-01-2022,211.0798,229.9424408,201.3226,212.1624363,614989037.2,2938123111,12584314744
07-01-2022,08-01-2022,221.3199167,221.3199167,200.4583,209.9876,616618359.8,2846931213,12837360209
06-01-2022,07-01-2022,230.1618,232.0474,216.8823,221.0954631,701875373.8,3024439153,13346921992
05-01-2022,06-01-2022,252.2883394,259.0018194,216.2091,231.2675,514500611.7,3383184439,13592711678
04-01-2022,05-01-2022,266.5006,268.8515452,250.8903047,252.1601702,779115746.7,3505117998,14165691626
03-01-2022,04-01-2022,265.7422,284.9539378,263.622662,267.029,641702721.7,3668096778,14264457401
02-01-2022,03-01-2022,266.0415,268.2326,253.3783202,266.2464,389297592.8,3486794125,14388658373
01-01-2022,02-01-2022,254.1035416,264.7629,251.2025,264.7629,537875307.1,3472051237,14234264166
31-12-2021,01-01-2022,262.862,273.591,249.918739,255.2561346,782800414,3546714189,14039205339
30-12-2021,31-12-2021,235.8149938,264.7885552,231.8750752,263.8599,600523744.2,3306292649,14017782853
29-12-2021,30-12-2021,252.6649,258.3353936,235.6500492,235.6500492,901725753.3,3347416113,13870548934
28-12-2021,29-12-2021,277.0484941,295.247955,253.6745,253.6745,1159413128,3702130684,14344197671
27-12-2021,28-12-2021,268.335644,292.2806,266.0989625,277.2649433,698466393.1,3801175733,15098872738
26-12-2021,27-12-2021,264.0711716,277.2244,250.8999,268.3320117,557292911.4,3537121468,15231937226
25-12-2021,26-12-2021,269.9307,278.2808995,259.0149,265.0220086,912071453.8,3584016963,14956109051
24-12-2021,25-12-2021,247.1355299,278.5644538,243.5556,269.1577,1129430669,3485324125,14751908633
23-12-2021,24-12-2021,206.535,247.7575981,204.5648111,246.0651867,1006233382,3104961282,15065826432
22-12-2021,23-12-2021,186.0524,215.4268086,186.0524,206.3904402,400434955.8,2712768535,14381980470
21-12-2021,22-12-2021,180.6531727,186.4478,179.1567211,186.1171,251621716.7,2454440384,14355246492
20-12-2021,21-12-2021,183.4385972,186.0880285,168.1283154,180.4910852,245057476.3,2365381229,14088982600
19-12-2021,20-12-2021,192.4015938,192.5136,182.7572149,183.5546,397785766.7,2514645749,13933000557
18-12-2021,19-12-2021,186.1276672,200.5631547,185.2974048,192.5227894,792584425,2606602341,14052206287
17-12-2021,18-12-2021,174.1004,183.8972598,162.6459184,183.8972598,205852115.7,2302740686,13710207036
16-12-2021,17-12-2021,173.1963,180.5485181,172.6939,174.5029,258805210.7,2370652019,13669260432
15-12-2021,16-12-2021,169.4183723,175.3817462,159.5626137,173.3742,208676111.4,2254135935,13715647652
14-12-2021,15-12-2021,162.4577,169.921391,158.8775,169.3642492,233343285.8,2207046173,13238217390
13-12-2021,14-12-2021,179.9513699,180.7431327,158.1289,162.4627,172918736.5,2278715818,13054928701
12-12-2021,13-12-2021,180.6026812,182.1554818,176.269537,180.1958856,182499389.3,2415880809,14121521096
11-12-2021,12-12-2021,167.1741,180.8036605,164.7293,180.5340776,265200105.2,2342864761,13759545517
10-12-2021,11-12-2021,177.5855612,180.7698111,167.7811,167.7811,326011150.2,2353553589,13254365019
09-12-2021,10-12-2021,202.4303929,203.3986618,176.8709,178.7372273,379767517.9,2547479347,13927729284
08-12-2021,09-12-2021,187.1191672,201.8017697,180.460158,201.8017697,340977798.7,2524541924,14676019364
07-12-2021,08-12-2021,185.2491345,196.8771,181.1006921,186.8171767,431775040.7,2526117410,14353383036
06-12-2021,07-12-2021,191.8969,191.8969,169.1732,184.9755979,345924061.3,2408843653,14340958728
05-12-2021,06-12-2021,202.9969526,205.3460245,187.6002,191.6605,420064731.8,2636894790,13836523208
04-12-2021,05-12-2021,225.704,225.9096,166.2747,201.5525016,594462104.7,2663668801,13739536759
03-12-2021,04-12-2021,244.8876174,245.9873254,222.3181439,226.5164,223430949.2,3196655965,14408585436
02-12-2021,03-12-2021,250.9712,250.9712,241.2598729,244.3488963,299260642.4,3286651466,15168888703
01-12-2021,02-12-2021,257.4435921,268.8923,250.0079261,251.0285,404791161,3513172856,15462602758
30-11-2021,01-12-2021,249.9584102,263.5244,245.5643728,258.2369955,386295622.4,3418911404,15521446703
29-11-2021,30-11-2021,238.872934,250.2469094,234.2873,250.1826138,261307716.4,3219094575,15181291663
28-11-2021,29-11-2021,233.0215944,238.749266,221.4576,238.5685097,200476315.1,3061257800,14754787304
27-11-2021,28-11-2021,232.0800415,243.1960494,230.7761195,231.695251,333376299.5,3183620638,14192400379
26-11-2021,27-11-2021,263.2358385,263.9527457,226.629284,232.1632943,417355959.8,3252898228,13968305777
25-11-2021,26-11-2021,254.7174,264.1551732,253.1848444,263.0219158,343856456.8,3466419807,15752686380
24-11-2021,25-11-2021,269.9852139,271.8020677,251.885178,254.2593,386565456,3479671122,15295732298
23-11-2021,24-11-2021,263.507402,276.851968,261.8831,270.1130725,409010801.4,3610018871,15653912343
22-11-2021,23-11-2021,267.2844099,268.8456,257.3189592,263.6064,291624702.1,3496604044,15136817754
21-11-2021,22-11-2021,274.3818009,274.3818009,264.894,267.0682075,276510171,3565072375,15723564837
20-11-2021,21-11-2021,279.3246779,280.6059,268.1464,274.732956,248037166.5,3656765086,15855267181
19-11-2021,20-11-2021,262.7925977,280.4295039,258.7543,279.0920341,401693168.1,3608456204,15235593138
18-11-2021,19-11-2021,284.2611,287.5998622,257.8619,261.1014,380384201.7,3624488819,14338284508
17-11-2021,18-11-2021,278.52758,284.8918809,268.9486,283.9947,418195256.8,3680774232,15296868007
16-11-2021,17-11-2021,301.8361,301.8361,267.6419,278.9633,494152838.4,3749663142,15033485416
15-11-2021,16-11-2021,315.6716544,317.0342553,301.223,302.4721181,286255199.7,4110145467,15820867682
14-11-2021,15-11-2021,312.7282,317.1984648,310.0769892,315.6291605,262646476.6,4151490735,16021643749
13-11-2021,14-11-2021,308.6009403,314.3051264,303.6054891,313.0107714,289986232.4,4091126939,16034294805
12-11-2021,13-11-2021,312.2411113,313.4534,298.6830928,308.6577192,345425009.3,4067020723,15897983394
11-11-2021,12-11-2021,312.648721,318.9438638,307.669508,312.4528465,655258867.1,4156776730,15987140261
10-11-2021,11-11-2021,336.3165908,344.458,302.2015,311.9226071,681367197.4,4407582601,15734283684
09-11-2021,10-11-2021,332.4791318,347.9208705,327.7259168,336.784,583383083.5,4483982029,16012827525
08-11-2021,09-11-2021,320.1914858,334.5984576,319.3253362,333.1544353,346183777.7,4317867193,16203987923
07-11-2021,08-11-2021,318.4020877,323.6972356,317.3599251,320.0193181,318378246.6,4242428261,15571694362
06-11-2021,07-11-2021,327.3154154,327.3481445,308.2587,317.8553253,451122344.9,4211478803,15181414810
05-11-2021,06-11-2021,333.4547086,345.9859,325.5454,327.6113977,635862552.7,4438646128,15041395165
04-11-2021,05-11-2021,324.2929431,334.5314,314.0149742,332.5836917,442706228.3,4265982445,15033284529
03-11-2021,04-11-2021,324.8716491,325.3374849,311.9512594,324.0483742,405051311.9,4223439940,14922516024
02-11-2021,03-11-2021,324.1355143,328.2568646,318.4670251,325.5783286,365599788.9,4277286997,14744139453
01-11-2021,02-11-2021,314.411358,324.2985,303.7452147,324.1622677,381064350.6,4188985661,13189349013
31-10-2021,01-11-2021,318.2297936,322.7791,304.8390609,314.4447364,398476740.1,4142920821,12958431527
30-10-2021,31-10-2021,327.9205662,327.9205662,313.9319213,317.0688435,540820978.2,4246210652,12957614296
29-10-2021,30-10-2021,338.6893289,347.48383,325.3316849,328.1447474,769363549.1,4450390746,14200833535
28-10-2021,29-10-2021,325.2575,346.29139,318.8756053,338.4670395,2471998643,4408816724,18342197888
27-10-2021,28-10-2021,329.0902,441.3018048,325.8778002,326.1709,2869086975,4662275836,17537781655
26-10-2021,27-10-2021,313.0803052,345.1937,312.8181885,329.6056,502191837.3,4395563745,18138484200
25-10-2021,26-10-2021,308.0732275,316.4332,306.7763986,312.7274535,285098904.7,4115242451,18436866460
24-10-2021,25-10-2021,324.0112,325.0811,300.4788066,307.4488518,253658504.4,4143104507,17886501288
23-10-2021,24-10-2021,310.3280349,324.1121,307.7658753,323.6249,283552680.8,4180170459,18033750963
22-10-2021,23-10-2021,315.0645089,326.3830796,307.2950829,310.7178332,431052314.6,4198357682,17219912291
21-10-2021,22-10-2021,316.0117098,337.3882,312.1427035,315.8859505,498448769.1,4264085248,17636574260
20-10-2021,21-10-2021,303.6655,317.2937315,296.9546,316.4096543,284862838.3,4043045533,17898321176
19-10-2021,20-10-2021,294.3323,303.9317,293.5252,303.6433,250973599.6,3953357698,16072261579
18-10-2021,19-10-2021,304.629086,308.1610388,291.0524407,293.9388,326758466.9,3947146423,15543867998
17-10-2021,18-10-2021,304.6431776,319.7597718,295.1163153,305.488379,352251240.6,4072667593,15815070661
16-10-2021,17-10-2021,301.2625135,316.285,299.8508,304.8459388,346199489.2,4062284489,15761846416
15-10-2021,16-10-2021,303.5131556,304.8616969,293.9886,301.1799919,539024749,3973260479,15767375258
14-10-2021,15-10-2021,297.5415,308.6782,294.2345,303.6577225,399677239.2,3974784559,14939982222
13-10-2021,14-10-2021,283.6744506,298.4840001,282.9449473,296.8406,438355684.3,3822838984,14297850192
12-10-2021,13-10-2021,290.6772796,290.6772796,271.5694,282.6047961,326100036.1,3715479785,13843099526
11-10-2021,12-10-2021,288.5123,301.3400227,284.3001328,290.7389826,306463500.8,3875798540,14010000753
10-10-2021,11-10-2021,307.4099305,307.6698235,288.825,288.825,244155405.6,3979736591,13677315096
09-10-2021,10-10-2021,307.6732,313.0461409,304.9012378,307.4860976,339803454.1,4079391348,13892288404
08-10-2021,09-10-2021,305.8744932,322.9702628,304.0994,306.5262,422594514.3,4140916755,13896548232
07-10-2021,08-10-2021,312.1012343,313.4383723,300.2154439,306.4669493,495867037.9,4053330895,14032601276
06-10-2021,07-10-2021,307.7081409,316.6954253,286.2644014,312.8983319,478666652.9,4014941308,14882274447
05-10-2021,06-10-2021,301.5934,309.2389347,297.9294879,307.4079311,434881134,4005299835,14589158200
04-10-2021,05-10-2021,310.5197,310.5197,294.279234,301.2191,428940722.7,3997624230,13775601310
03-10-2021,04-10-2021,314.6423144,323.1172966,309.0565324,310.7545,428212650.7,4159213129,13293414973
02-10-2021,03-10-2021,302.7683031,323.2029,297.2441782,314.0757,453760558.3,4083297240,13139467557
01-10-2021,02-10-2021,276.0246952,303.2876,272.5615139,302.1681737,367644551.2,3821832661,12700842472
30-09-2021,01-10-2021,265.1818,280.9175257,264.3039061,276.065751,325712371.9,3613442867,11775356741
29-09-2021,30-09-2021,260.8243,277.153,260.0454,264.8525,366177549.9,3547805715,11353699668
28-09-2021,29-09-2021,273.1747344,277.3316,261.0685846,261.1127,413678172.1,3561348325,11125115612
27-09-2021,28-09-2021,293.2038,306.5514165,274.2071,274.2387254,581990318.6,3850316275,11450421120
26-09-2021,27-09-2021,274.6708153,299.1797,252.6635,293.2354,468302013.7,3701900447,12027803018
25-09-2021,26-09-2021,280.731,283.7285,269.1981379,275.7590252,427895884.2,3657249975,11746540116
24-09-2021,25-09-2021,308.8862,309.3781,265.4108,280.0188,477224036.5,3788317658,11699205509
23-09-2021,24-09-2021,301.7473857,308.4917,295.0931716,307.8289,468847907.2,3998187170,12244221883
22-09-2021,23-09-2021,271.0458,302.2697,266.9100525,301.515694,603445410.7,3802427399,11884519651
21-09-2021,22-09-2021,289.5712,305.6011,264.0997259,269.5752,622652227.2,3828537557,10997671885
20-09-2021,21-09-2021,340.1029,340.1029,288.0124261,291.2753,557040906.8,4097698002,11285695676
19-09-2021,20-09-2021,355.5376,357.8113,336.4113,339.4191,384611352.3,4596975989,12711603722
18-09-2021,19-09-2021,354.241,368.5988,347.5875,355.5321,551157613.8,4737370161,13104023050
17-09-2021,18-09-2021,384.4323,388.7870161,351.8832908,353.607,749827604.4,4885230671,13025253450
16-09-2021,17-09-2021,414.065,414.065,372.3614,384.9899,1011348075,5207951835,13383658967
15-09-2021,16-09-2021,383.4462,413.1521,377.6913,411.3301,1301871799,5137279493,13694543051
14-09-2021,15-09-2021,331.0825317,389.1409,329.0257496,382.3473,755533551.3,4651716818,13212266309
13-09-2021,14-09-2021,333.4599,336.7481,305.706994,331.3020464,683144425.9,4185087526,12605827586
12-09-2021,13-09-2021,328.1896,347.8556772,322.7780384,333.4498,440786932.8,4418941997,13027984293
11-09-2021,12-09-2021,312.3112,338.4837101,311.7675,327.4761,489941685.4,4259686308,12675689963
10-09-2021,11-09-2021,330.5815,339.530206,305.617364,312.3354,564831754.7,4248059043,12504025130
09-09-2021,10-09-2021,329.973,349.8571366,326.9665203,331.626,628140814.7,4448938174,13074203309
08-09-2021,09-09-2021,345.29,352.8669,313.6437,329.0884,1115127021,4413373694,13123866063
07-09-2021,08-09-2021,408.8412,409.1868,303.0344,347.2911,809383685.8,4922604270,13014088087
06-09-2021,07-09-2021,417.1408,424.8897023,399.3277,409.3146,737435584.2,5441394445,15279522966
05-09-2021,06-09-2021,398.5230873,425.471,395.9937676,416.7316,601107801,5438085830,15218784896
04-09-2021,05-09-2021,395.0572204,406.388,391.4884,399.2232747,426122572.6,5245059360,14872465549
03-09-2021,04-09-2021,400.3805,407.6703406,389.9694,394.9826679,508894372.2,5232809983,14892727036
02-09-2021,03-09-2021,413.7652,415.0141,399.5639032,400.6325,608438733.3,5347620513,14479361129
01-09-2021,02-09-2021,392.4422,413.9077034,383.1385,411.9941,1016614291,5295114235,14494104877
31-08-2021,01-09-2021,358.0097,396.1081,351.6675,394.5855,599536005.8,4887228461,13459413456
30-08-2021,31-08-2021,364.5809,376.2180047,348.9519,358.9511,336608276.4,4733207773,13005240836
29-08-2021,30-08-2021,367.0845,375.4695104,357.2423,365.9623,326871716.8,4783775138,12779897116
28-08-2021,29-08-2021,372.5835,375.2333,363.4174,366.6215,354589463.5,4833175508,12805108751
27-08-2021,28-08-2021,350.9714,374.8574272,345.5596,371.862,486146830.2,4755131007,13005364216
26-08-2021,27-08-2021,384.1454,388.2086,345.9889,353.8763,466699695.3,4764545387,12506558734
25-08-2021,26-08-2021,378.3026,385.8477312,364.6667,383.8077,510168520.6,4974908479,12927141877
24-08-2021,25-08-2021,408.5765,413.2186,371.8789568,378.7384,512418369.2,5171321641,12682694357
23-08-2021,24-08-2021,402.1061345,414.9872,400.3973962,408.2592,506574125.1,5308413029,13447454542
22-08-2021,23-08-2021,400.3240584,408.2451749,387.7428287,402.4346379,439470559,5183346856,13034515084
21-08-2021,22-08-2021,409.1379081,415.224,395.7335173,401.1421,545760579.9,5279072146,13101724975
20-08-2021,21-08-2021,404.8336,420.399195,404.5551,407.893506,577402271.1,5329657853,13352708086
19-08-2021,20-08-2021,381.1798,404.2557351,371.8152211,402.9737,655299947.8,4979793746,12657526415
18-08-2021,19-08-2021,381.6571,397.1258,366.604,382.7819,1042559476,4960514596,12396548160
17-08-2021,18-08-2021,413.9393,447.552423,381.4757,381.4757,1018932180,5435369995,12365855471
16-08-2021,17-08-2021,411.1132,446.5804857,410.1516,413.5639,842710737.8,5522501477,12941885147
15-08-2021,16-08-2021,414.6101,416.2596,392.3493,410.8325,449428635.9,5230826539,13375843159
14-08-2021,15-08-2021,427.5179219,427.9608421,406.473477,414.5387,583825885.2,5393718175,13394879326
13-08-2021,14-08-2021,392.069,427.4423,388.8261,427.0478512,719954298.7,5370403380,13241759300
12-08-2021,13-08-2021,403.4518,418.1314985,377.974,392.4739,777667247.3,5139379802,12690655666
11-08-2021,12-08-2021,384.3558026,419.3730439,384.3558026,404.6131,757573309.3,5258837966,13068975663
10-08-2021,11-08-2021,374.8333371,399.6561955,368.6443,383.7951381,577202769.9,4942569762,12984994294
09-08-2021,10-08-2021,361.3940229,383.969422,348.1791057,374.4609347,536076339.8,4769206145,13142087034
08-08-2021,09-08-2021,385.27,388.34461,352.6403358,361.5066644,607015553.3,4812039571,12647735498
07-08-2021,08-08-2021,369.7552462,397.7259564,366.6577651,385.8454715,655107777.3,4911269788,13051601375
06-08-2021,07-08-2021,373.1658582,378.09,359.66,369.8348098,999745906.9,4757863461,12481761451
05-08-2021,06-08-2021,338.9492701,379.7996992,337.9437297,373.5456151,1114838401,4668597204,12474432624
04-08-2021,05-08-2021,308.41,341.9679718,301.69,339.2253223,428191436.9,4116965416,12118061817
03-08-2021,04-08-2021,320.7233848,323.3202019,303.2192829,309.32,430468924.5,4005810490,11550405742
02-08-2021,03-08-2021,317.4713845,328.22,311.4856668,320.7042656,486412017.7,4145948990,11427136464
01-08-2021,02-08-2021,331.2319392,339.17,315.8680729,318.5068391,449639059.8,4263637211,11434636745
31-07-2021,01-08-2021,321.61,332.582779,314.1157627,331.659777,477018071.8,4131119891,11658436719
30-07-2021,31-07-2021,311.36,323.17,300.9675483,320.97,483483820.7,4024795416,11373085998
29-07-2021,30-07-2021,297.75,314.47,293.4853087,311.54,465515002.7,3922574585,11042111237
28-07-2021,29-07-2021,300.07,307.4162739,293.64,297.21,662704928.3,3867628337,10823486145
27-07-2021,28-07-2021,303.35,312.13,286.3199751,299.25,904587685.1,3844747702,10865986187
26-07-2021,27-07-2021,287.88,335.35,286.45,302.74,846032481.3,4132976323,10629949248
25-07-2021,26-07-2021,287.9961588,292.35,272.6625291,287.31,424618692.9,3645060434,10379722754
24-07-2021,25-07-2021,289.7113504,298.95,282.1956462,287.7,550575788,3734216471,10274123532
23-07-2021,24-07-2021,278.49,292.1364979,269.66,289.8921042,612471424.4,3609027357,10166850394
22-07-2021,23-07-2021,259.08,279.58,257.09,278.96,613499866.2,3446453566,9924722657
21-07-2021,22-07-2021,223.42,260.6395731,217.66,258.56,508035185.7,3129994218,9847956418
20-07-2021,21-07-2021,237.89,241.56,213.78,222.92,434672154.6,2862982656,9131883305
19-07-2021,20-07-2021,254.68,255.28,234.21,238.54,353861014.4,3126410808,9283695840
18-07-2021,19-07-2021,253.14,267.38,251.46,256.12,395390234.4,3332479017,9552878969
17-07-2021,18-07-2021,253.59,257.89,246.99,253.74,466848484.6,3239941974,9548901925
16-07-2021,17-07-2021,270.0453572,279.01,253.17,253.34,520749772.3,3420573554,9452082574
15-07-2021,16-07-2021,279.2620361,285.84,266.37,269.6870057,750352347.7,3521886012,8774058984
14-07-2021,15-07-2021,271.0132462,285.18,254.8630513,278.4843607,771963838,3478187178,8839727147
13-07-2021,14-07-2021,297.2445712,297.2445712,268.25,269.0611256,599869799.3,3688107318,8539133535
12-07-2021,13-07-2021,304.3610118,320.97,292.420837,297.5709457,703077848.2,3929273378,8954690110
11-07-2021,12-07-2021,294.7789699,310,287.31,305.0442905,488103865.1,3818898913,9143081020
10-07-2021,11-07-2021,303.2033425,310.8668877,289.93,294.7214211,768650593.3,3823583623,9060198201
09-07-2021,10-07-2021,291.7728064,311.9515888,276.39,304.2659494,1262962368,3801510758,8814428831
08-07-2021,09-07-2021,314.7826099,314.7826099,277.1,292.6623036,941735642,3802168481,8942496614
07-07-2021,08-07-2021,316.6452594,330.63,312.081752,314.002266,1347108078,4122895196,9566659835
06-07-2021,07-07-2021,307.7544766,346.4388727,307.7544766,316.0799137,1901656452,4184347931,9388482219
05-07-2021,06-07-2021,277.1371425,315.59,264.2703287,311.0846666,865661998,3588499761,9038851607
04-07-2021,05-07-2021,259.4050674,288.59,248.912071,276.9456337,682447319.3,3473068446,9455969686
03-07-2021,04-07-2021,234.0251298,264.7533314,228.92,259.5418109,544591783.5,3214912537,9221540870
02-07-2021,03-07-2021,231.12,234.0414422,216.4578588,233.7683607,464825708.4,2893639522,8729981614
01-07-2021,02-07-2021,250.5198338,251.5,228.0312427,232.32,585730621.9,3067380603,8998862901
30-06-2021,01-07-2021,236.5916874,250.5371927,220.51,250.5123442,567583954.5,2983859566,9104172243
29-06-2021,30-06-2021,226.79,252.19,226.79,237.0272784,667047173.8,3103218792,9439085464
28-06-2021,29-06-2021,202.47,232.073487,200.8760942,226.75,450663713.9,2744595480,8911250806
27-06-2021,28-06-2021,187.09,201.78,183.61,201.78,362390676.5,2476657791,8650715853
26-06-2021,27-06-2021,188.5644812,192.7207296,177.0972399,184.64,395847219.8,2359004684,8505931092
25-06-2021,26-06-2021,210.7898277,214.1657969,185.365912,188.861621,383598026.5,2534899702,8671983372
24-06-2021,25-06-2021,207.53,217.46,193.9,210.0662939,497932919.7,2624176764,8925275964
23-06-2021,24-06-2021,204.96,229.0095836,198.48,207.71,845862026.4,2760894767,8939070223
22-06-2021,23-06-2021,213.17,220.76,172.821238,204.32,830385217.1,2606908795,8627798342
21-06-2021,22-06-2021,273.4646318,274.3669543,207.38,213.08,536991199.2,3030713272,9017366408
20-06-2021,21-06-2021,255.84,276.84,243.5650411,273.4038836,323971376.8,3338791951,9381295655
19-06-2021,20-06-2021,263.93,269.21,255.37,256.69,374379461.3,3372925219,9857455854
18-06-2021,19-06-2021,292.84,292.98,254.5652646,263.57,303064534.5,3524306093,10128123477
17-06-2021,18-06-2021,290.2656513,304.8037769,286.29,293.21,303682641.5,3790031485,10372524204
16-06-2021,17-06-2021,312.21,313.6048315,287.7061391,289.6545005,338052935.4,3864426730,10596105754
15-06-2021,16-06-2021,318.05,325.35,308.53,312.26,537168964.6,4058356299,11445434131
14-06-2021,15-06-2021,316.83,333.69,309.59,317.55,616383248,4043202061,11178601294
13-06-2021,14-06-2021,278.44,316.76,268.1,316.36,404405349.8,3665883642,10729570146
12-06-2021,13-06-2021,284.96,288.24,267.08,278.81,452766320.7,3569581870,10650853511
11-06-2021,12-06-2021,310.06,314.45,281.3,284.32,378854556.3,3863970417,10986086456
10-06-2021,11-06-2021,338.4362202,338.6447947,305.7,311.26,461654507.6,4124196278,11422140371
09-06-2021,10-06-2021,330.4995572,341.6588505,307.13,338.0404398,557008262.3,4182810668,11343372402
08-06-2021,09-06-2021,333.97,338.7347875,298.41,330.1236541,623802328.4,4143002707,10911156479
07-06-2021,08-06-2021,365.51,386.7532691,334.009207,334.009207,423343732.2,4760972821,11775492682
06-06-2021,07-06-2021,356.51,367.4777388,355.17,365.14,413111256.1,4633926047,11578041122
05-06-2021,06-06-2021,374,391.4119119,348.38,355.81,559233625.7,4759099843,11422026124
04-06-2021,05-06-2021,397.51,397.51,348.1,375.27,582737749.8,4724062532,11195984810
03-06-2021,04-06-2021,384.88,408.4710442,378.6,397.27,587413851.3,5037767560,12031127257
02-06-2021,03-06-2021,372.41,401.1488152,362.84,386.06,698736272.2,4897868946,11874021441
01-06-2021,02-06-2021,382.7741296,391.64,362.62,372.11,938829342.1,4794997314,11552825136
31-05-2021,01-06-2021,324.55,383.5,305.4247084,383.4251632,713133750.4,4417633530,11170330470
30-05-2021,31-05-2021,297.79,338.6540327,284.05,324.4089555,634543130.2,4086345525,10649925255
29-05-2021,30-05-2021,320.51,334.72,281.87,297.41,708833484.9,3968179042,10032356744
28-05-2021,29-05-2021,371.4692228,375.624362,305.26,321.1,829724653.5,4323022481,9478568640
27-05-2021,28-05-2021,414.6900672,414.6900672,367.2130519,373.1300373,1008748415,4908631372,10554315474
26-05-2021,27-05-2021,371.0490548,412.6220168,360.8637242,412.5784424,1082679617,4850152366,10001038930
25-05-2021,26-05-2021,385.4511072,402.0409515,325.025187,371.7620457,1405232216,4582978316,8238240724
24-05-2021,25-05-2021,295.9110332,396.2,290.5245123,384.6133945,1821709102,4313373687,8207938071
23-05-2021,24-05-2021,335.25,349.88,211.05,296.117955,1227213163,3705260767,7039041597
22-05-2021,23-05-2021,372.9599112,380.969507,314.4317815,336.03,1617376107,4365027745,8505910328
21-05-2021,22-05-2021,467.75,494.63,311.87,369.9436701,2176764126,5401113833,9542444489
20-05-2021,21-05-2021,417.919883,508.78,359.3151142,465.0912458,5131924160,5798016938,9497182167
19-05-2021,20-05-2021,631.4911535,647.9776905,388.2289192,421.3672048,3810005466,6816259633,9336581185
18-05-2021,19-05-2021,573.6968582,664.9680475,573.000909,632.8085025,3082697774,8085924997,10954045516
17-05-2021,18-05-2021,527.33,590.48,479.75,575.8770506,1958931013,6963833116,10389113432
16-05-2021,17-05-2021,516.36,560.5514728,482.9828371,525.79,1354203954,6731697627,10813371759
15-05-2021,16-05-2021,596.2918938,609.5877871,513.8726586,515.77,1833706677,7148664005,10542963043
14-05-2021,15-05-2021,509.2077532,628.6627501,509.2077532,595.67,2539998096,7243354923,10474889173
13-05-2021,14-05-2021,508.8903836,617.1732975,475.9136412,510.399828,4894210273,6959341674,9782690133
12-05-2021,13-05-2021,457.575387,590.7952588,457.575387,530.2129055,2034278408,6743762492,10441251841
11-05-2021,12-05-2021,433.6826166,458.0587683,420.4816147,458.0085545,838204938.5,5484661252,9591239427
10-05-2021,11-05-2021,460.249264,482.4615156,413.2620087,435.1511673,678080715.2,5783618586,9967147394
09-05-2021,10-05-2021,466.94628,468.5285834,442.5895687,459.5002472,690361699.5,5719376080,9519618821
08-05-2021,09-05-2021,445.74,475.4939372,442.57,466.7396851,675065708.6,5703588779,9143675827
07-05-2021,08-05-2021,453.14,467.4916,435.9340661,445.32,831734560.1,5622208809,9248804841
06-05-2021,07-05-2021,481.39,482.31,443.4877273,453.89,830044136.3,5789789012,9520015736
05-05-2021,06-05-2021,448.2035147,484.71,442.5369799,481.93,1168900263,5806211120,8454553498
04-05-2021,05-05-2021,517.6956818,518.0652297,446.7143396,449.3866216,1400814581,5989029701,9327994249
03-05-2021,04-05-2021,483.47,534.9531243,482.4,517.2578195,1009597101,6406223764,8922926216
02-05-2021,03-05-2021,505.3182834,506.6428752,475.3950943,483.13,1224608431,6096360454,7888174207
01-05-2021,02-05-2021,444.6188241,511.5103449,437.2907434,502.6757535,1086602377,5904334414,7571891536
30-04-2021,01-05-2021,439.01,452.56,431.4928853,443.6845898,838341241.5,5490349461,7190529142
29-04-2021,30-04-2021,460.9988217,461.6857156,428.0854261,438.583814,1197386603,5581605264,6761616306
28-04-2021,29-04-2021,440.2939879,485.3,428.2854573,462.4533622,1411334334,5726467554,6417044046
27-04-2021,28-04-2021,405.2396066,447.1130969,395.8,436.6842391,1170888165,5264795507,5638895797
26-04-2021,27-04-2021,348.546994,407.1594911,347.2948581,403.3342931,1255894069,4888837567,4724987875
25-04-2021,26-04-2021,318.6902673,353.37,315.9532749,346.9814387,577933886.4,4157767708,3542668650
24-04-2021,25-04-2021,343.8711227,344.1341988,315.6289247,317.9921577,922756258.3,4115284238,3364575895
23-04-2021,24-04-2021,361.1583878,371.5132363,312.95,343.341777,1717524426,4193368680,3439793375
22-04-2021,23-04-2021,352.56,412.59821,345.7352444,363.7921805,1414243484,4750880885,3834189402
21-04-2021,22-04-2021,360.69,383.6320484,343.1007249,352.94,931006205.3,4528695936,3463497981
20-04-2021,21-04-2021,345.0938213,371.05,320.6294857,359.94,1320495055,4375375093,3351151634
19-04-2021,20-04-2021,382.9653697,397.0397425,343.1791377,345.5181916,1574954560,4661439079,3459289476
18-04-2021,19-04-2021,426.27,427.75,300.7214093,380.7331519,1806596061,4744260857,3153404582
17-04-2021,18-04-2021,442.4877444,460.8800989,420.7,427.01,1169681602,5512905393,3677911182
16-04-2021,17-04-2021,467.02,469.71,424.8626846,443.1618862,1948717306,5573451023,3647307978
15-04-2021,16-04-2021,428.979993,484.96,425.2552824,467.44,2063051479,5641992452,3591569725
14-04-2021,15-04-2021,399.06,430.1570918,388.6,426.9562643,1252221649,5026926386,3346639254
13-04-2021,14-04-2021,396.99,419.5298017,385.96,397.76,1811064273,4990990857,3051289695
12-04-2021,13-04-2021,372.1903525,416.4052069,367.7337669,397.31,872706975.9,4784938696,2926985552
11-04-2021,12-04-2021,367.4475185,372.4851436,361.7481317,371.2935602,580099954.2,4590606949,2890166822
10-04-2021,11-04-2021,358.99,375.37,357.2305743,367.5677731,584765713.7,4593737857,2922596162
09-04-2021,10-04-2021,370.47,373.23,358.04,359.19,542312360,4569260247,2901735141
08-04-2021,09-04-2021,355.13,370.69,354.37,369.7,947465535.1,4536549168,2790429273
07-04-2021,08-04-2021,388.4,389.54,349.2232165,357.44,1174508066,4582135149,2739292452
06-04-2021,07-04-2021,400.44,413.75,384.47,388.4,909322205,4978462345,2993927494
05-04-2021,06-04-2021,405.83,409.05,389.47,399.58,724825637.1,4987433201,2967759624
04-04-2021,05-04-2021,384.31,411.34,382.3,405.83,811711453.3,4961092560,2968808143
03-04-2021,04-04-2021,420.39,424.8013454,384.68,385.08,897963345.6,5072266712,3081314845
02-04-2021,03-04-2021,383.31,421.51,378.88,419.5,812161904.2,4967586541,3012618692
01-04-2021,02-04-2021,381.83,392.69,373.94,384.13,865810520.3,4786224492,2939718532
31-03-2021,01-04-2021,377.5969776,392.67,363.64,381,897682260.5,4734623588,2813207697
30-03-2021,31-03-2021,361.15,382.54,354.14,377.5969776,624617454.5,4598271114,2919057794
29-03-2021,30-03-2021,347.37,366.74,344.93,361.13,563613976.8,4434995892,2782681014
28-03-2021,29-03-2021,351.89,356.4,337.27,344.92,439842912.9,4316594355,2688562164
27-03-2021,28-03-2021,359.75,361.25,341.53,351.18,552161146.2,4350422226,2630522036
26-03-2021,27-03-2021,325.87,360.33,325.87,359.75,817614003.1,4327160453,2582483747
25-03-2021,26-03-2021,309.25,332.81,301.07,325.87,749445466.1,3941399809,2435239365
24-03-2021,25-03-2021,331.72,347.87,305.76,309.55,668158694.6,4159831056,2663592283
23-03-2021,24-03-2021,337.42,344.45,328.54,333.19,764347166.9,4198889584,2563657681
22-03-2021,23-03-2021,367.53,371,335.72,338.1,474227211.3,4505001256,2729864633
21-03-2021,22-03-2021,370.54,374.9,360.86,367.53,678050188.6,4577750224,2688035071
20-03-2021,21-03-2021,370.42,394.3728844,368.75,371.33,723984650.2,4760570306,2867105274
19-03-2021,20-03-2021,362.83,378.68,356.42,370.73,750879693.1,4604167240,2784087466
18-03-2021,19-03-2021,382.49,383.47,362.87,363.7695277,1085839742,4625453101,2722074398
17-03-2021,18-03-2021,370.05,381.9,358.76,381.9,719260386.2,4589418159,2591776982
16-03-2021,17-03-2021,367.6484265,374.6837685,353.491231,370.21,909614143.1,4553938948,2654809293
15-03-2021,16-03-2021,383.229307,388.1605439,358.7110651,370.5206025,1011241428,4656154413,2656577438
14-03-2021,15-03-2021,414.4307481,416.5404866,379.0675786,385.8142811,1201501140,4872074013,2739668167
13-03-2021,14-03-2021,373.608111,427.1787631,361.742898,415.4997934,1260358123,4879826207,2748417291
12-03-2021,13-03-2021,405.8065893,407.526604,363.5384613,372.7998017,1110422465,4773840930,2518586864
11-03-2021,12-03-2021,408.0588886,412.9649584,390.9260613,405.8065893,1115587773,5037071295,2294780336
10-03-2021,11-03-2021,445.1505593,456.8575485,403.8589945,407.0992095,1331391807,5317632340,2296590011
09-03-2021,10-03-2021,435.7299628,447.0350258,420.9790206,446.2152786,1324127047,5356968085,2251376481
08-03-2021,09-03-2021,414.3786733,433.4895048,394.9550567,432.4625141,1475820595,5101940683,2152863180
07-03-2021,08-03-2021,388.6343556,417.2017923,385.5214382,414.3786733,1151227938,4999653253,2159827504
06-03-2021,07-03-2021,368.3523979,389.5448444,352.8445159,389.5448444,776573920.9,4596224424,2101858976
05-03-2021,06-03-2021,374.9661864,376.7405887,341.8006345,368.3523979,1019424366,4448473449,2060353893
04-03-2021,05-03-2021,397.8942101,408.5953363,368.3741054,375.0254404,1132668216,4822727171,2227122584
03-03-2021,04-03-2021,391.6556812,418.1213178,386.9887682,398.3810669,1500807233,5011566869,2259440891
02-03-2021,03-03-2021,385.2879855,414.2607839,379.2416249,391.6556812,1599657108,4850727745,2169049253
01-03-2021,02-03-2021,353.7112944,387.8170576,352.1590383,385.2858054,1643000708,4643675863,2067341265
28-02-2021,01-03-2021,333.1869568,364.3581265,303.305217,352.1959767,910188642.4,4021371117,1826017672
27-02-2021,28-02-2021,323.1845789,348.9669962,323.1845789,333.9349181,1085322771,4207941925,1867668422
26-02-2021,27-02-2021,338.7305639,351.3271953,308.3772859,322.5124258,1114274470,4088777485,1805310819
25-02-2021,26-02-2021,366.9573893,386.3360704,340.0732492,341.8406594,1132396285,4571326126,1987189072
24-02-2021,25-02-2021,361.8569342,403.6997613,345.5397793,366.6006638,1843848773,4735195243,2049881117
23-02-2021,24-02-2021,400.5132139,400.5132139,296.2482096,360.2098689,1839811204,4286814178,1588733875
22-02-2021,23-02-2021,447.5683386,454.8191122,364.4861148,400.6962928,1447039900,5244726925,1866627691
21-02-2021,22-02-2021,448.8139778,458.6235111,433.3327162,447.5043121,2202672865,5545132383,1986856944
20-02-2021,21-02-2021,433.4422724,497.9387409,424.5684033,450.0987231,2170208827,5756568351,2058609391
19-02-2021,20-02-2021,454.3310808,457.6555677,421.15487,434.1961244,1380976527,5484573565,1849903118
18-02-2021,19-02-2021,458.0096818,479.3180481,451.2367492,454.3897984,1529591211,5783493631,1861867706
17-02-2021,18-02-2021,443.4784452,466.9195536,401.5901849,458.1980321,1621665044,5458730268,1787916243
16-02-2021,17-02-2021,461.2329569,483.5727595,436.4360777,442.9136477,1582483925,5662702204,1802320479
15-02-2021,16-02-2021,482.6850448,498.7323314,403.3330328,458.9945397,1792259161,5826268147,1796191022
14-02-2021,15-02-2021,499.6906492,510.5481604,470.0806847,483.0536872,1353126991,6106623877,1667614750
13-02-2021,14-02-2021,527.7184767,535.7758371,497.0944939,499.4152792,1507846805,6337388167,1599689327
12-02-2021,13-02-2021,518.2720497,538.581838,507.5107716,528.3241644,1418899890,6430138044,1606585836
11-02-2021,12-02-2021,522.8097851,534.412153,511.6159487,517.8222707,2067096653,6470981911,1605246263
10-02-2021,11-02-2021,493.8771946,570.5490216,493.8771946,524.8398181,2672766682,6509292351,1654878185
09-02-2021,10-02-2021,493.8582712,504.3573092,481.6164008,494.8981969,2375617667,6100860620,1520901747
08-02-2021,09-02-2021,473.8836523,529.3846835,468.5490175,494.6072015,2697804813,6147172868,1540015192
07-02-2021,08-02-2021,473.0319336,481.1109693,397.8368787,478.2306028,2101935493,5505310461,1379630946
06-02-2021,07-02-2021,505.826897,508.6630927,445.8956109,468.9030012,2936743986,5849156219,1389981626
05-02-2021,06-02-2021,467.8737844,540.4240932,467.8737844,501.8504282,4081005584,6172482704,1433900145
04-02-2021,05-02-2021,382.6717272,514.2014625,382.6717272,466.623929,3507744314,5474031593,1294060452
03-02-2021,04-02-2021,303.2731124,383.4833338,301.7967793,382.4038501,1045425702,4022301479,1011067028
02-02-2021,03-02-2021,295.0220245,306.2365025,286.5909412,302.3592141,828894480.7,3626427057,828021515.1
01-02-2021,02-02-2021,299.9802633,306.4735972,284.9268569,296.1502616,742966160.7,3641356542,780134113.2
31-01-2021,01-02-2021,313.5477539,318.4274638,293.8318091,300.0936274,1021220464,3752314048,780267813.8
30-01-2021,31-01-2021,287.8213646,321.3115048,283.3807881,314.0146549,1107707101,3672427736,750007695.7
29-01-2021,30-01-2021,297.6698686,306.677865,273.2551033,287.7597218,1350875355,3572673638,780230635.3
28-01-2021,29-01-2021,287.7668086,305.32966,276.2788762,298.3237436,1610792408,3553482917,610672139.6
27-01-2021,28-01-2021,276.5955812,298.4507502,258.216318,287.198165,1444358636,3382084498,531052610.4
26-01-2021,27-01-2021,249.5698073,286.8625412,242.6490852,276.0206589,1235871117,3220447653,552520453.7
25-01-2021,26-01-2021,265.1075432,281.7917432,240.3143564,249.9167916,1748411368,3173577780,584270353.4
24-01-2021,25-01-2021,213.6057525,282.0427855,213.6057525,267.6355985,1007516263,2996422333,575110424.9
23-01-2021,24-01-2021,189.9776351,219.6946596,186.578191,211.5017331,575066761.6,2484137720,506552375.2
22-01-2021,23-01-2021,160.2559157,198.0669411,149.293021,190.4865121,816237274.1,2255491668,474447248.5
21-01-2021,22-01-2021,197.4095333,197.9741783,156.6404374,161.1190942,652207106.1,2161176580,454707249.9
20-01-2021,21-01-2021,189.188954,198.8768756,172.5191595,198.8768756,624488316.1,2300050877,453596321.5
19-01-2021,20-01-2021,200.0934389,209.4335382,187.953812,190.6264792,669248452.4,2460064608,492988692.2
18-01-2021,19-01-2021,186.7982201,199.7251312,181.33845,199.7251312,608791413.9,2313115101,446584619.8
17-01-2021,18-01-2021,182.6413064,198.3615858,176.5883194,186.7928205,936802542,2319327932,415444342.4
16-01-2021,17-01-2021,166.5518214,200.8678781,166.5518214,184.144987,898917253.7,2277258904,407944151.9
15-01-2021,16-01-2021,147.0923308,166.6482729,140.6345031,165.7169981,550737879.4,1884430666,372976933.6
14-01-2021,15-01-2021,147.1560872,154.2779224,139.5617525,146.5922458,518210925.7,1775423093,345800304
13-01-2021,14-01-2021,127.3938968,147.5551507,120.3208079,147.5551507,699026258.4,1657873101,315322447.5
12-01-2021,13-01-2021,114.8012003,135.0364268,109.7774926,126.122294,564171080.7,1476062526,308540998
11-01-2021,12-01-2021,127.1777665,127.1777665,94.84750964,115.43453,634266282.8,1344573467,301450716.4
10-01-2021,11-01-2021,118.0383688,135.5871646,112.7771893,127.2215007,496026673.5,1509971322,335477467.2
09-01-2021,10-01-2021,110.5649551,119.2649967,107.0921908,119.1780061,420736565.9,1371611912,319535241.6
08-01-2021,09-01-2021,115.0151713,118.3360024,102.317793,110.7497639,544952060.1,1345596724,315699801.8
07-01-2021,08-01-2021,115.3232107,127.6278709,108.5820981,115.1553472,486420849.4,1427268732,293660659.5
06-01-2021,07-01-2021,119.5348525,120.1383873,109.0615915,115.0624274,526135777.6,1393541322,269413821
05-01-2021,06-01-2021,113.9094299,123.3522979,99.40972729,119.8008354,747281250.5,1371404833,232722356.3
04-01-2021,05-01-2021,93.40307492,114.6863706,87.36950641,112.8723745,583159604.5,1228193229,212802781.4
03-01-2021,04-01-2021,85.71143942,94.50326145,82.20770889,93.23689353,266379304.2,1050689817,199182587.7
02-01-2021,03-01-2021,90.73985686,91.88734919,83.17389063,85.84347442,246857416,1037904003,178060791.6
01-01-2021,02-01-2021,88.43824213,90.30550758,85.39954634,90.04017699,265910542.8,1055795432,165166357.5
31-12-2020,01-01-2021,81.20981439,88.58276758,78.53251529,88.52286172,252645791.4,1001988692,147202060
30-12-2020,31-12-2020,78.09473194,85.44080573,77.27303858,81.52346616,234850437.5,983107857.8,126438639.8
29-12-2020,30-12-2020,81.82156985,82.7354601,75.07513643,78.14126858,207518253,938731247.7,114461614.7
28-12-2020,29-12-2020,76.86668849,85.65205512,76.31100407,81.7639825,272334746.2,987816159.4,92682432.61
27-12-2020,28-12-2020,74.93596384,81.37128201,73.18702134,77.40450213,211951989.7,920226605.1,77339880.33
26-12-2020,27-12-2020,79.64397484,79.79237077,74.13073757,74.9145064,171290049.9,925284843,74653213.91
25-12-2020,26-12-2020,80.29815401,81.30194044,76.04077469,79.48711476,214347899.3,941527229.3,78419520.42
24-12-2020,25-12-2020,75.27691347,80.33075354,71.28331026,80.33075354,351955268.6,914457329.1,74266115.68
23-12-2020,24-12-2020,84.41240902,84.41240902,64.41085189,75.76517885,251013644.8,938541002,78612721.5
22-12-2020,23-12-2020,80.92691156,85.92281231,76.27097011,84.41721903,226557283.4,977751485.8,76581415.8
21-12-2020,22-12-2020,85.73867779,87.62756724,78.33524228,81.40709428,280265443.6,992650672.7,68033661.45
20-12-2020,21-12-2020,89.16718238,89.79985659,84.22319459,85.80026882,382161018.7,1046353562,80001371.54
19-12-2020,20-12-2020,89.96029939,96.13081299,89.08039463,89.23318421,366660334.6,1104799326,75776350.2
18-12-2020,19-12-2020,85.0382249,89.95727752,82.63640475,89.95727752,290183198.1,1020863006,77630309.9
17-12-2020,18-12-2020,87.50079663,89.5645149,83.58897364,85.09410463,418002319.8,1031398034,76754856.85
16-12-2020,17-12-2020,87.30485435,89.54176682,81.12361634,87.44650687,356862534.4,1016447419,65517977.15
15-12-2020,16-12-2020,86.28382735,88.74968684,84.70736032,87.22635914,414524969.4,1041121363,65415835.12
14-12-2020,15-12-2020,83.78573892,89.989427,79.80752797,86.23567095,277417958.4,995249345.9,59489171.38
13-12-2020,14-12-2020,77.76257281,84.79350474,76.86745935,83.61042619,232667005,971752639.1,57265236.52
12-12-2020,13-12-2020,74.60934899,80.21080831,74.60934899,77.87114152,255574549.2,937475791.6,46262943.36
11-12-2020,12-12-2020,76.48674546,77.5496957,70.8037604,75.09034116,305972885,887289663.1,40292403.2
10-12-2020,11-12-2020,82.94927389,83.02605754,76.00016186,76.83920731,284881056.5,950477728,40108096.01
09-12-2020,10-12-2020,80.84399197,86.09585059,75.24721994,84.69231517,388837901.9,979135953.8,29152174.01
08-12-2020,09-12-2020,90.88305174,91.15834214,79.66134983,80.66203612,343442210.3,1038267268,25897455.72
07-12-2020,08-12-2020,87.91843607,94.37282573,86.99901163,90.97377163,253141615.5,1090766174,26389583.4
06-12-2020,07-12-2020,92.6131329,92.92396447,84.8665214,88.21348509,296759409.4,1051741651,19876485.36
05-12-2020,06-12-2020,81.32834981,91.89232971,79.9054312,91.67776682,359313470.9,1038229456,18536650.39
04-12-2020,05-12-2020,91.65433518,92.85366907,79.55705767,81.64775793,429733429.6,1044479004,14924930.08
03-12-2020,04-12-2020,86.77720515,94.32264497,83.23827949,91.54305758,458945499.4,1043346559,2920358.106
