Start	End	Open	High	Low	Close	Volume	Market Cap	TVL
11/8/2023	12/8/2023	1258.3067	1266.3279	1237.0437	1249.7785	368425369.5	1222198557	5996888862
10/8/2023	11/8/2023	1210.1227	1261.7517	1210.1227	1256.6961	366174148.2	1213439773	5901958552
9/8/2023	10/8/2023	1209.5295	1224.4554	1195.168	1215.1284	291645136.8	1179889991	5641759974
8/8/2023	9/8/2023	1217.0582	1240.0692	1209.9845	1211.3977	355938330.2	1196134484	5577750162
7/8/2023	8/8/2023	1222.2682	1256.8681	1182.4293	1217.05	455047815.6	1187714847	5413496318
6/8/2023	7/8/2023	1248.1594	1256.7312	1214.6458	1222.6941	874335989.2	1210609645	5200265925
5/8/2023	6/8/2023	1304.0893	1304.3631	1235.4678	1247.7022	613010767.4	1237735651	5166448375
4/8/2023	5/8/2023	1292.8566	1327.2023	1267.495	1302.297	633080891.7	1268233712	5144085767
3/8/2023	4/8/2023	1288.5016	1342.1949	1286.1016	1288.8972	555238693.6	1286032699	5048310100
2/8/2023	3/8/2023	1337.0607	1349.934	1285.4214	1291.6638	806107369.1	1290199315	5086613401
1/8/2023	2/8/2023	1227.1546	1340.4308	1193.6798	1338.4619	599236574.9	1225927276	5181930830
31-07-2023	1/8/2023	1243.1595	1300.425	1208.7241	1226.7539	449076842.8	1227613136	5185973513
30-07-2023	31-07-2023	1285.8645	1293.8569	1239.2806	1251.5198	587986635.3	1238395134	5170037483
29-07-2023	30-07-2023	1175.8784	1311.3775	1175.8784	1284.881	488405110.5	1213918209	5151202662
28-07-2023	29-07-2023	1163.1314	1186.4163	1150.7598	1179.4197	464110824.7	1141291240	5135092474
27-07-2023	28-07-2023	1183.1556	1275.2335	1139.8371	1163.2286	578284149.1	1173725764	5121402083
26-07-2023	27-07-2023	1139.8508	1194.0744	1118.3962	1183.4344	494214332	1128910679	5142669325
25-07-2023	26-07-2023	1065.262	1173.6223	1062.8233	1141.213	412763523.4	1088330084	5143795552
24-07-2023	25-07-2023	1085.0996	1085.61	1014.6853	1068.7268	317223792.7	1032030416	5139043245
23-07-2023	24-07-2023	1103.9788	1134.8418	1084.3054	1091.3439	300218264.7	1082505172	5291701494
22-07-2023	23-07-2023	1096.7891	1116.6604	1072.044	1105.7032	562426965	1074499827	5237843839
21-07-2023	22-07-2023	1030.9088	1202.7143	1030.9088	1092.9342	842510533.5	1114100233	5321742672
20-07-2023	21-07-2023	994.1511	1053.8862	983.6814	1032.5382	437633443.1	996481005.8	5361237154
19-07-2023	20-07-2023	924.1578	995.1662	923.9581	990.4781	325244311.2	957505385.6	5407450783
18-07-2023	19-07-2023	934.5612	942.1078	894.1716	924.0117	200315214.9	894787242.3	5504417422
17-07-2023	18-07-2023	969.1482	992.4796	927.3381	936.2768	431776717.1	931555117.8	5532183937
16-07-2023	17-07-2023	891.1738	1009.8031	891.1738	968.1873	376712629.9	937929621.8	5563954996
15-07-2023	16-07-2023	863.2655	891.656	854.1247	890.2995	185214474.1	855859975.7	5605115264
14-07-2023	15-07-2023	923.9889	954.7602	849.6585	869.1223	277946539.1	889761116	5599737416
13-07-2023	14-07-2023	910.6608	959.5458	880.304	925.9076	184825726.7	882965323.9	5774576021
12/7/2023	13-07-2023	912.9149	933.2317	891.3144	907.3963	170299656	892419401.6	5489335595
11/7/2023	12/7/2023	917.676	938.0315	910.1178	912.4109	219354024.7	900123104.6	5571778683
10/7/2023	11/7/2023	960.67	960.67	906.9125	915.2996	279533233	906620310.8	5598384683
9/7/2023	10/7/2023	927.6512	986.7589	904.8165	960.9623	212159625.6	922593278.3	5626239870
8/7/2023	9/7/2023	940.4495	988.1064	929.4854	933.2525	263740012.1	932664207.4	5647239303
7/7/2023	8/7/2023	969.1581	1029.7496	920.7828	940.3247	460219740.5	947837705.5	5662968493
6/7/2023	7/7/2023	919.2551	1037.3577	915.3144	966.8783	591875656	961909881.1	5662609372
5/7/2023	6/7/2023	980.3052	1075.4801	879.5978	917.933	412920498	955372558.6	6080139294
4/7/2023	5/7/2023	975.8332	1033.6382	953.8118	980.5761	442113838.6	967727027.8	6160819179
3/7/2023	4/7/2023	853.2086	1064.852	848.4908	979.6676	272979831.8	914094191.1	6202437233
2/7/2023	3/7/2023	838.3359	886.8224	800.4063	853.6688	164195754.3	817108106.4	6219966591
1/7/2023	2/7/2023	836.0693	854.8094	803.4453	840.5735	289443041.4	807402720.3	6332604981
30-06-2023	1/7/2023	688.615	846.3726	686.515	830.2287	203605814.2	752214221.6	6359022916
29-06-2023	30-06-2023	679.0606	720.374	677.3913	689.2592	80103309.07	677275959.8	6118031217
28-06-2023	29-06-2023	690.9405	690.9405	666.7252	680.1581	56038435.5	665784545.7	6089823071
27-06-2023	28-06-2023	689.8943	707.9466	680.1189	692.104	63910590.64	675488325.1	6208539326
26-06-2023	27-06-2023	703.4569	706.2907	677.2079	689.9184	72560361.34	675321437.7	6206713116
25-06-2023	26-06-2023	684.0095	753.1423	679.9543	705.8214	391672282.5	694225627.1	6302695604
24-06-2023	25-06-2023	724.8909	725.2241	677.5284	683.5524	81629496.07	684503351.8	6265222069
23-06-2023	24-06-2023	737.8375	750.3051	723.2422	725.3056	58603470.98	720519192.3	6284782397
22-06-2023	23-06-2023	751.0567	759.0474	734.6489	737.9052	87536796.21	731044419.5	6251932525
21-06-2023	22-06-2023	727.3949	767.9288	725.9135	751.6444	111245457.9	729518936	6312796242
20-06-2023	21-06-2023	707.681	729.4675	702.5164	727.9147	136101360.9	698037255	6031376897
19-06-2023	20-06-2023	676.6838	720.0991	675.0593	705.6085	91894924.28	681803756.7	5843039425
18-06-2023	19-06-2023	671.9621	684.2096	668.7258	675.2268	45130109.57	660266218.4	5684212655
17-06-2023	18-06-2023	678.6049	689.8438	667.3626	671.8483	57924481.1	660569335	5681099861
16-06-2023	17-06-2023	650.471	681.9964	648.0268	680.0426	47646978.95	647673153.2	5640270433
15-06-2023	16-06-2023	631.2432	654.5331	631.2432	650.0742	61745562.83	628969269.1	5510976628
14-06-2023	15-06-2023	635.5176	661.1845	622.4804	632.0623	63656247.58	631692555.6	5584025692
13-06-2023	14-06-2023	629.475	645.9823	627.2446	634.9621	54174221.98	620750325.7	5750475380
12/6/2023	13-06-2023	618.5169	628.953	607.838	627.9857	66602916.39	605858723.9	5761756819
11/6/2023	12/6/2023	628.0815	628.3847	591.7286	616.2664	133467699	595225925.4	5816446588
10/6/2023	11/6/2023	628.5643	642.7249	546.6256	630.46	106996211.4	590103381.6	5834096543
9/6/2023	10/6/2023	625.7258	635.7325	619.1075	627.8536	26642636.24	612444087.2	6059963688
8/6/2023	9/6/2023	623.7553	634.0032	618.7506	626.065	31263842.49	612706106.7	6132700643
7/6/2023	8/6/2023	650.7506	652.0034	617.3114	623.5334	38227121.92	618062342.5	6128399538
6/6/2023	7/6/2023	649.2128	656.2959	634.5661	652.0301	55614950.7	629068725.2	6270551471
5/6/2023	6/6/2023	681.9986	690.2185	635.6377	649.8361	54502265.44	656303591.4	6135249141
4/6/2023	5/6/2023	675.0304	704.4531	668.7267	682.9614	43972780.54	672737039.5	6310273763
3/6/2023	4/6/2023	662.7205	676.5073	657.6881	675.3283	31340903.27	653928150.4	6324405528
2/6/2023	3/6/2023	642.3724	669.9045	636.7817	662.5329	31932766.81	646655197.1	6358458110
1/6/2023	2/6/2023	642.8895	651.493	635.106	641.9996	30113176.89	629237343	6269144100
31-05-2023	1/6/2023	644.9992	647.9302	634.1743	643.024	214076746.2	627692262.7	6310441992
30-05-2023	31-05-2023	645.9397	651.647	639.9945	644.9923	150807818.9	631331433.1	6900015087
29-05-2023	30-05-2023	655.3914	660.9078	643.1773	645.2897	31160717.7	636055237.1	6855197312
28-05-2023	29-05-2023	646.0916	656.8416	644.6573	655.3127	25658242.44	634209882.8	6956810566
27-05-2023	28-05-2023	637.3121	647.2813	637.2744	646.0916	20495687.86	627385932.3	6778451418
26-05-2023	27-05-2023	633.4194	638.5446	630.9151	637.1154	24692141.88	620667756.5	6731165831
25-05-2023	26-05-2023	626.4132	637.4955	615.3357	633.3514	35869674.07	617112565.2	6674769430
24-05-2023	25-05-2023	641.347	641.347	619.0416	626.4132	36274522.44	614838974.6	6691266799
23-05-2023	24-05-2023	638.0326	649.2684	636.07	641.1619	34223124.27	627510312.7	6880725596
22-05-2023	23-05-2023	634.6982	638.8698	628.5967	638.0326	29656875.42	620321170.4	6840534204
21-05-2023	22-05-2023	634.198	639.5419	631.1692	634.6982	26575896.21	620631486.1	6846333408
20-05-2023	21-05-2023	638.027	639.4942	630.7986	634.198	29829497.05	620516376.2	6889054507
19-05-2023	20-05-2023	633.9505	641.163	632.1433	637.9771	31025717.96	622032834.6	6863769984
18-05-2023	19-05-2023	645.4041	647.7252	628.0583	635.2257	34511987.98	626658389.4	6868132846
17-05-2023	18-05-2023	638.2987	647.9844	632.5416	645.3677	39822898.95	626200911	6895742729
16-05-2023	17-05-2023	643.1107	647.8694	629.5088	638.1942	48769607.7	620257369.1	6941681988
15-05-2023	16-05-2023	631.2152	650.5931	626.5654	643.657	47748431.81	627068560.7	6941022065
14-05-2023	15-05-2023	636.1892	639.6235	627.2462	631.2152	59156098.35	619497343.5	6918087545
13-05-2023	14-05-2023	640.8516	640.9334	630.4109	636.1892	69979401.57	621951406.8	6936884719
12/5/2023	13-05-2023	627.7955	644.1869	618.6715	640.8516	63496863.27	618919649.1	6954917452
11/5/2023	12/5/2023	661.2133	661.2133	613.57	627.7955	52349611.99	625425892.1	6995688677
10/5/2023	11/5/2023	672.6568	678.2384	643.4679	661.9771	42159494.74	654364574.1	7115335741
9/5/2023	10/5/2023	672.556	678.275	668.6709	673.8432	58376533.66	659443720.7	7235342921
8/5/2023	9/5/2023	700.1523	704.6598	650.1547	671.8373	56169082.5	667441440.1	7240131923
7/5/2023	8/5/2023	693.5026	707.8212	690.3207	698.4413	48211536.56	682874073.9	7344831178
6/5/2023	7/5/2023	726.2993	734.0734	686.369	692.6748	66584324.3	691008628.1	7408985283
5/5/2023	6/5/2023	692.6531	731.2677	691.199	726.2993	47127470.27	691870085.3	7584669256
4/5/2023	5/5/2023	700.4242	706.2868	689.5755	692.6531	42693778.38	682608264.2	7344919767
3/5/2023	4/5/2023	701.034	701.034	687.4009	700.4242	49536835.88	679073693.7	7407133915
2/5/2023	3/5/2023	703.7878	715.0114	699.9361	701.329	64187252.85	690428656.7	7316535105
1/5/2023	2/5/2023	697.1846	707.4062	682.7582	703.7878	48975683.54	681346705.7	7281248446
30-04-2023	1/5/2023	710.3156	710.3156	694.4539	698.5959	36326586.14	688180885.4	7405021951
29-04-2023	30-04-2023	700.826	713.9182	698.6743	710.3156	37776293.82	691781935.3	7433932192
28-04-2023	29-04-2023	703.9298	705.5089	694.5738	700.2972	47103040.55	685082127.5	7398461160
27-04-2023	28-04-2023	690.2605	707.4189	686.9096	703.9298	79807927.41	683094903.3	7466924545
26-04-2023	27-04-2023	694.815	722.8516	667.2919	690.1618	56464958.27	684915004.3	7518519556
25-04-2023	26-04-2023	684.3958	696.7396	672.8553	695.1027	45443981.39	666140275.4	7441503073
24-04-2023	25-04-2023	690.6621	698.9898	679.3897	684.3958	44708165.97	673460069.2	7377707506
23-04-2023	24-04-2023	699.8975	699.8975	675.7822	690.6621	42843114.95	673826642.8	7377448219
22-04-2023	23-04-2023	678.3606	704.076	678.1468	700.4789	64659461.47	677837049.4	7395703899
21-04-2023	22-04-2023	717.6975	722.7312	674.8795	678.3606	80772809.38	688977170.3	7390991377
20-04-2023	21-04-2023	723.0864	737.1695	704.2332	717.6975	98990928.91	704307730.9	7671319136
19-04-2023	20-04-2023	790.5467	790.5467	715.0339	723.3779	90723078.89	729576928.1	7679325202
18-04-2023	19-04-2023	781.3653	803.6766	771.7035	790.5467	74280559.59	767293972.4	8023544290
17-04-2023	18-04-2023	802.4538683	815.4127764	777.8223	781.0907	108054440	776445661.9	7987599795
16-04-2023	17-04-2023	778.0265301	802.4538683	768.237051	802.4538683	83682551.25	766474421.4	8147829089
15-04-2023	16-04-2023	773.3799	784.7365582	763.7535185	778.0265301	105232998.2	755207477.6	8205371952
14-04-2023	15-04-2023	754.4496	786.091	752.1524	774.045	124471921.8	758535485.5	8183012064
13-04-2023	14-04-2023	726.5323	754.4496	721.7884	754.4496	87332910.21	722128434.8	8212154517
12/4/2023	13-04-2023	726.8072	727.9763854	693.2438	725.4524713	96381407.84	701052707.3	7758511319
11/4/2023	12/4/2023	726.4696	731.3055	714.8677	727.1534	98393380.13	706213552.6	7752807135
10/4/2023	11/4/2023	707.9826	728.3945	698.6311	724.9444	78765158.43	694018191.5	7824439236
9/4/2023	10/4/2023	690.151	711.0802	686.7886	706.6957	79348590.51	680264540.4	7727807559
8/4/2023	9/4/2023	696.2092	697.721	685.9811	690.151	81359763.98	675154746.1	7713698618
7/4/2023	8/4/2023	719.5406	720.5056	689.6556533	697.6503	162189950.3	685843729.6	7697875238
6/4/2023	7/4/2023	694.2155	732.7032493	683.6729	718.8589	182522720	698022045.1	7750802248
5/4/2023	6/4/2023	682.4422	697.9022	673.8306	694.2155	84621225.29	674637074.6	7804608944
4/4/2023	5/4/2023	675.265231	684.2244	671.1166	682.7011	86571008.5	663294096.7	7845316687
3/4/2023	4/4/2023	675.3449	688.2555	660.0055	674.45717	83384970.61	660999900	7644808189
2/4/2023	3/4/2023	691.9505	697.5707	668.4818	675.3449	63566899.35	669228213.9	7632517744
1/4/2023	2/4/2023	687.4421	696.0599	684.5306352	691.9505	82087111.23	675297984.5	7680101850
31-03-2023	1/4/2023	676.7820848	694.1886	668.8929443	687.4421	95627198.13	666086207.3	7691462516
30-03-2023	31-03-2023	692.5164	698.3239	665.5904	675.8700416	125356199.1	665848771.1	7635357384
29-03-2023	30-03-2023	674.3204	705.0482	672.4594	692.0591	141807467.2	674866959.7	7586519713
28-03-2023	29-03-2023	677.7401	689.6023	668.2047	675.9108	162620327.5	664502452.1	7568034028
27-03-2023	28-03-2023	671.4589789	680.8742	637.5663	678.6541	96264206.3	650250012.5	7527828454
26-03-2023	27-03-2023	667.9094	683.5586719	664.5439	673.4532	67872500.59	646099134.3	7685604538
25-03-2023	26-03-2023	673.0307874	683.0888449	656.3115	667.9094	123049480.7	655484917.2	7668937650
24-03-2023	25-03-2023	680.7843	711.4433	657.52	669.9981914	157159688.8	665334057.9	7672363005
23-03-2023	24-03-2023	669.5744759	692.6920981	665.5141	681.4147	160625660.9	663426190.6	7811116845
22-03-2023	23-03-2023	691.7175547	691.7175547	646.1519	670.0118	157061317.2	661816405.8	7720615158
21-03-2023	22-03-2023	667.6184	702.0882	650.025	692.8576496	202000232.1	660479524.6	7884878763
20-03-2023	21-03-2023	688.6218	714.8066454	664.5089	665.768	229393736.4	674773680.8	7730569288
19-03-2023	20-03-2023	684.5944012	711.6980796	684.5331	684.5331	217212727.6	683413295.8	7752251491
18-03-2023	19-03-2023	727.6512	751.9830184	682.4752816	683.6893467	366146596	707800056.2	7808931165
17-03-2023	18-03-2023	705.3539	756.8901851	691.4737	728.8439	314061566.1	699926052.8	7889174432
16-03-2023	17-03-2023	748.8521348	751.8194	704.8126	705.6154	288648890.9	717263267.6	7723521396
15-03-2023	16-03-2023	862.372	884.5434474	705.8746937	745.9854796	329054972.8	799083717.2	7856907590
14-03-2023	15-03-2023	913.0279	921.4607	842.2618432	861.4052	427381594.4	864943567.8	8213763829
13-03-2023	14-03-2023	908.0227754	976.9430341	847.0432498	909.178916	755681997.7	891113886.5	8377427576
12/3/2023	13-03-2023	726.0868	883.5541617	663.6361	873.0593364	454771549.9	691844708.9	8314081094
11/3/2023	12/3/2023	782.6584531	796.5137	601.3279	729.3472	481434527.1	683484053.1	7570393005
10/3/2023	11/3/2023	809.7403	809.7403	757.5515	780.0281905	204176809.2	759759586.8	6774663938
9/3/2023	10/3/2023	875.6238544	888.3875	803.2839	812.3407	192459536.4	836120220.3	6549142909
8/3/2023	9/3/2023	920.8925	931.918	856.5656205	873.6291289	198075497.2	872149558	6871597339
7/3/2023	8/3/2023	910.0733	926.06603	881.4411	922.6733	192892676.4	888159437.3	6990087677
6/3/2023	7/3/2023	947.0639	955.4526	908.5534	910.9083	331992259.9	911354811.6	6991487982
5/3/2023	6/3/2023	859.856364	969.8975897	858.1611066	949.3018	235464968.5	897875694.5	7017684068
4/3/2023	5/3/2023	891.3923	919.6559	844.9732	856.2028694	257306714.4	870387109.7	7037682026
3/3/2023	4/3/2023	883.6745	948.2349588	837.7767	892.5502406	277023691.9	886146506.1	7025402259
2/3/2023	3/3/2023	924.9034	945.5508	875.4152865	882.5756	335856842.1	878116804	7219469027
1/3/2023	2/3/2023	791.4601	946.684	787.0122	927.1686	238362843.5	867376173.3	7270363369
28-02-2023	1/3/2023	787.9184751	801.3014	763.7014915	793.2268	98874887.68	765018850.5	7162030369
27-02-2023	28-02-2023	775.4332	811.8584	761.4036	788.7314522	108998759.4	763621914.4	7241570130
26-02-2023	27-02-2023	705.7482	777.6714	705.4911	775.1523	69138399.95	730160980.5	7248521884
25-02-2023	26-02-2023	712.837	716.7134	681.0075	704.3192	45098528.69	684929339.4	7073513637
24-02-2023	25-02-2023	741.2468	748.1683	695.3206	712.5764	46373199.94	713651421.5	7095281800
23-02-2023	24-02-2023	761.2001	780.2469	736.786	739.854	59030769.42	743051781.3	7225716892
22-02-2023	23-02-2023	786.4153	791.858	734.2077	762.7635	80755944.74	743722892.1	7226272548
21-02-2023	22-02-2023	770.6929	785.0686	755.2903	785.0686	68286206.63	752847451.8	7248275647
20-02-2023	21-02-2023	738.098	775.1129	717.8346	769.9844	83447804.28	741621855.9	7524945910
19-02-2023	20-02-2023	727.6887	768.4483	721.5798	736.3516	57161118.33	721549098.7	7458462576
18-02-2023	19-02-2023	726.864	734.3893	722.396	727.6887	67158793.02	712175830.2	7507876492
17-02-2023	18-02-2023	705.8343	736.1871	704.8465	726.864	95026041.8	706043356.5	7493976062
16-02-2023	17-02-2023	758.2210446	776.8402	704.0762	704.0762	115290792.1	735189421.9	7396377547
15-02-2023	16-02-2023	739.7606	759.5356049	725.6682	759.5356049	127808281.3	721699224.6	7490750509
14-02-2023	15-02-2023	768.8630242	773.8955279	730.0927	739.8542	249057088.7	730539244.6	7140690253
13-02-2023	14-02-2023	687.5069	780.0306	663.2253	769.9253895	119413635.7	703816798.1	7029538377
12/2/2023	13-02-2023	724.5468	726.028	681.0770756	685.3473231	41806043.34	694625354.9	7040286803
11/2/2023	12/2/2023	712.6492	731.0888	709.5091	723.6535	49231164.87	702290063.7	7103609535
10/2/2023	11/2/2023	710.3245263	734.8656	704.2248	712.6492	94803871.06	698791694.6	7015350343
9/2/2023	10/2/2023	781.6079	793.2314	702.4636147	709.4079826	99714757.96	743652676.3	7027563634
8/2/2023	9/2/2023	789.7097	817.5244393	748.8311	782.818	121430768.9	763835017.5	7292468820
7/2/2023	8/2/2023	692.7654	793.6530514	686.8148	790.114	76700178.35	716845467.9	7329835254
6/2/2023	7/2/2023	695.5166	708.5072	681.2675	694.4548	71839496.03	677297479.7	7216965437
5/2/2023	6/2/2023	696.7151	721.0193	678.6556	697.065	58581218.61	686196452.9	7257188794
4/2/2023	5/2/2023	696.2626	722.2768	688.0525	696.7151	54316680.86	690478087	7304125541
3/2/2023	4/2/2023	667.9128	700.4404	667.3682	696.2626	61410195.29	665621813.8	7304165961
2/2/2023	3/2/2023	669.5552	706.9432	667.8019	669.2916	66539737.61	669546619.4	7264358415
1/2/2023	2/2/2023	656.0978	672.6111	622.9085	669.5552	42158679.48	632695197.3	7345330920
31-01-2023	1/2/2023	635.2775	658.6412	630.7669	655.524	49996265.79	629826620.7	7117743904
30-01-2023	31-01-2023	674.7023	677.5966	624.7792	633.879	49116649.89	638595770.2	7098932841
29-01-2023	30-01-2023	656.689	676.3242	652.1988	674.5104	44069044.02	652717709.2	7299859017
28-01-2023	29-01-2023	671.9545	685.7471	646.4152	653.4004	49353152.23	650649108.3	7176999008
27-01-2023	28-01-2023	659.3152	674.1281	645.2697	671.66	55896542.1	642222639.6	7202380802
26-01-2023	27-01-2023	668.0933	676.7801	652.7436	659.3152	60079957.67	650109761.8	7180183036
25-01-2023	26-01-2023	663.861	679.8538	645.9874	666.8173	57136830.97	643912506.5	7206714714
24-01-2023	25-01-2023	704.6596	717.2348	661.0091	663.861	49138557.06	687973487.2	7058874345
23-01-2023	24-01-2023	710.9402	725.2232	693.9728	706.1822	45843224.54	695111165.9	7233828136
22-01-2023	23-01-2023	696.5347	737.1039	696.0221	710.1785	44198948.64	697958196.8	7215831302
21-01-2023	22-01-2023	716.0846	729.4331	697.9568	697.9568	48250824.09	699837312.9	7208368985
20-01-2023	21-01-2023	666.1584	716.0846	654.1748	716.0846	36653307.41	659054097.2	7222619755
19-01-2023	20-01-2023	637.4582	668.8088	633.9713	664.8114	54356873.74	637387908.1	6982194980
18-01-2023	19-01-2023	697.0809174	715.0086	635.7676	637.4582	50068317.22	666750656.8	6913535093
17-01-2023	18-01-2023	687.6618	726.9195	678.9536	698.5342	49236338.87	683137533.4	7020368165
16-01-2023	17-01-2023	700.6655	730.5181	678.6122	688.7152	61701018.55	683865302.8	7027867841
15-01-2023	16-01-2023	709.2894	713.9699	675.0133	699.5599	63837671.92	678310327.4	7025578297
14-01-2023	15-01-2023	688.7065	734.0347	688.7065	710.8558	74544361.94	691397156.7	6950958972
13-01-2023	14-01-2023	652.5294	690.5836	643.4667	688.7065	47576887.76	641670956.1	6964276758
12/1/2023	13-01-2023	636.9769	657.5095	622.9692	654.116	45451638.15	626310554.9	6606967529
11/1/2023	12/1/2023	632.5658	637.2751	608.6954	636.9769	46951054.58	609509428	6629173325
10/1/2023	11/1/2023	616.0619	639.4815	612.7879	632.5658	72352556.24	611355603	6458303502
9/1/2023	10/1/2023	592.766	654.7931	588.8065	616.394	86042750.35	611694019	6443484255
8/1/2023	9/1/2023	553.226	593.3986	546.4478	592.1764	50751095.83	553189848.4	6357349758
7/1/2023	8/1/2023	539.2332	554.4717	539.0842	553.226	28980173.32	531462627	6271288912
6/1/2023	7/1/2023	527.0439	540.4332	517.1139	539.2332	34332912.65	514403693	6245325016
5/1/2023	6/1/2023	518.7262	533.7126	516.3778	527.5901	44431979.59	514653407.9	6223825807
4/1/2023	5/1/2023	504.8433	522.7179	503.8786	518.9599	40186246.09	504389049.3	6255950558
3/1/2023	4/1/2023	511.5271	516.7394756	503.2792	504.5108	26040895.55	499721208.3	6101487689
2/1/2023	3/1/2023	513.145	517.8832	507.5521	511.5271	25827807.11	501769864.5	6105567259
1/1/2023	2/1/2023	510.766	515.0784	504.7441	513.145	28103463.54	498400315.6	6066049177
31-12-2022	1/1/2023	523.2685332	530.5469	507.9822	510.829	24045837.57	509910502.5	6061065519
30-12-2022	31-12-2022	521.1206	524.5188	509.4398	523.1435524	23128685.8	506041363	6067393213
29-12-2022	30-12-2022	517.4786	527.866	510.9006	521.1206	24000179.61	509846283.6	6088516767
28-12-2022	29-12-2022	542.4974	543.52	514.513	517.1129	23482197.29	516937611.6	6070238568
27-12-2022	28-12-2022	550.4332	551.2867	536.4157	542.4974	17775598.02	532984607.1	6158238235
26-12-2022	27-12-2022	541.2438	549.292	538.5202	549.292	19411986.92	531508158.3	6207156329
25-12-2022	26-12-2022	552.0288	553.7859	534.8203	541.2438	16185224.17	531851419.9	6210618479
24-12-2022	25-12-2022	553.8104	556.3904	550.3433	552.0288	15520674.83	540916985.9	6220312002
23-12-2022	24-12-2022	551.5722	555.7415	549.8667	554.1306	17791567.76	540583749.2	6215350324
22-12-2022	23-12-2022	551.2073	555.3881	538.1894	551.7375	19812777.58	535830645.2	6226721212
21-12-2022	22-12-2022	558.2894	558.2894	546.3004	550.6631	20321924.19	538310291.5	6219806639
20-12-2022	21-12-2022	527.3342	558.8685	527.3342	557.1196	25284742.66	535922665.3	6225145715
19-12-2022	20-12-2022	553.2909	557.8103	523.838	526.1758	18527682.35	530159384.9	6096614440
18-12-2022	19-12-2022	554.9759	563.3531	551.4486	554.4748	17674885.71	543366562	6120341827
17-12-2022	18-12-2022	541.4461	554.3504132	532.0702	554.3504132	34148773.84	531816595.6	6094428870
16-12-2022	17-12-2022	591.6584	596.4786	533.1191	538.3619	24562484.95	566277004.1	6043286712
15-12-2022	16-12-2022	607.4465417	610.9771	588.2235	591.6584	30024687.1	586422615.1	6268914505
14-12-2022	15-12-2022	603.7853	615.2568	599.4916	607.4465417	33058727.73	592477366.1	6585492876
13-12-2022	14-12-2022	589.2871	607.7522	578.1952	603.7853	41297606.65	579536701.5	6618883186
12/12/2022	13-12-2022	602.7172	602.7172	582.7934	588.4625	27793194.55	578444567.3	6502739442
11/12/2022	12/12/2022	614.4204	617.041	601.8703	602.7172	15141454.11	599485130.8	6509121125
10/12/2022	11/12/2022	611.5266103	621.144	611.5266103	613.5088	18473951.29	601328514.1	6517212979
9/12/2022	10/12/2022	621.7846077	622.3599	610.4097	611.2407	26119377.78	603319585.6	6511112149
8/12/2022	9/12/2022	606.6599	627.6724	603.0288	621.7846077	27085791.69	598215979.5	6548939985
7/12/2022	8/12/2022	631.5256	631.9149	605.4016	606.6599	29629059.07	603076000.1	6450580947
6/12/2022	7/12/2022	637.5236	639.4189	628.7299	631.7513	28453434.53	620265226.5	6535025680
5/12/2022	6/12/2022	649.5973	657.0643	634.4836	637.5236	26503317.84	631742636.7	6579498053
4/12/2022	5/12/2022	640.3303	652.1103	640.0335	649.5973	20951850.61	630093432.3	6719128398
3/12/2022	4/12/2022	646.1881	647.6728	638.0321	640.3303	29950188.06	628617516.4	6621306609
2/12/2022	3/12/2022	644.8571	650.6444	640.9537	645.5278	31050786.92	631072506.1	6704911811
1/12/2022	2/12/2022	660.329	661.6954	643.208	644.2643	31292351.08	637556411.1	6763644401
30-11-2022	1/12/2022	645.5222	663.8725	645.5222	660.7459	32951012.09	644573385.8	6788884188
29-11-2022	30-11-2022	645.3723	657.7252	642.5148	645.5222	43766935.74	636147879.4	6650925819
28-11-2022	29-11-2022	638.5955	660.7862	618.9483	645.2563	35344363.32	627409753.2	6537112965
27-11-2022	28-11-2022	640.4506	656.9668	638.8045	638.9837	24847580.83	635619781.1	6616248679
26-11-2022	27-11-2022	645.0357	655.397	636.5598	640.4506	26883334.27	633531191.5	6601433656
25-11-2022	26-11-2022	661.2274	661.2274	632.8866	645.0357	29732879.36	629812479	6592626100
24-11-2022	25-11-2022	663.1981	673.5989	654.7406	661.2274	34621666.26	647508905.2	6584274258
23-11-2022	24-11-2022	647.996	666.6542	645.6636	663.9524	39437710.69	642034617.3	6605492255
22-11-2022	23-11-2022	635.6212	668.1898	619.4746	647.996	41924334.89	627520653.4	6319376579
21-11-2022	22-11-2022	658.9289	658.9289	615.8127	634.8626	47406257.46	619896123.1	6345844547
20-11-2022	21-11-2022	681.737	682.2784	646.0594	658.9289	37574026.03	649089420.8	6458409148
19-11-2022	20-11-2022	655.9519	684.4578	647.2643	681.7073	39294366.01	648733877.7	6686263621
18-11-2022	19-11-2022	648.9198	664.3836	647.7617	655.9519	47004957.97	640483545.4	6657678534
17-11-2022	18-11-2022	658.0263	668.7462	648.9198	648.9198	54633640.5	645300578.3	6680255716
16-11-2022	17-11-2022	707.1981	711.7652	653.4086	659.3796	41290525.03	669598388.7	6683667182
15-11-2022	16-11-2022	694.2643	722.1602525	688.2158	705.7178	51750899.84	689973421.2	6765144167
14-11-2022	15-11-2022	674.0268	705.5333	652.2508	694.2643	64080292.71	666251617.5	6797641750
13-11-2022	14-11-2022	698.5696	728.347	669.1903	675.5302	59013463.66	680421829.4	6670766285
12/11/2022	13-11-2022	779.2687	779.2687	688.9713	697.0565	87574839.64	696607092.5	6817636104
11/11/2022	12/11/2022	879.8693	882.4685	752.117192	780.5767	175661329.3	784153704.5	6814262459
10/11/2022	11/11/2022	670.1539617	891.9927	664.3177826	879.1344604	201673912.1	772000179.6	6889165882
9/11/2022	10/11/2022	710.6088082	723.2826822	634.2075	666.9702551	147396007.7	661297692	6511477847
8/11/2022	9/11/2022	830.3621	834.5571	631.3858	710.4626199	77355887.43	754025825.5	7293515081
7/11/2022	8/11/2022	838.579	849.6292	820.2027	830.3621	61389426.17	819339232.1	8300746795
6/11/2022	7/11/2022	897.07	911.697	836.464	840.801	43173213.32	874312659	8031791728
5/11/2022	6/11/2022	914.1805	922.3623	898.3319	898.8751	54661056.3	886964225.1	8199221568
4/11/2022	5/11/2022	846.4098	916.2019	842.9759	914.6652	60775900.58	859723378	8183585085
3/11/2022	4/11/2022	835.0932	878.0482	835.0932	846.4098	71097658.03	840178878.3	7941866974
2/11/2022	3/11/2022	879.8189	886.5533	827.1625	835.0932	55508299.88	840955131.5	7925487071
1/11/2022	2/11/2022	898.3706	903.7226	877.0686	880.8811	49491736.07	870348635.5	8020162342
31-10-2022	1/11/2022	909.6212	922.2443	893.077	899.2873	47729043.29	887762704.1	8060133326
30-10-2022	31-10-2022	916.4829	925.0911	896.9428	908.4021	55521465.85	892409432	8182950077
29-10-2022	30-10-2022	898.9244	928.0885	895.2486	915.4853	81319432.9	892971349.5	8320735229
28-10-2022	29-10-2022	903.1386	910.3872201	876.1543	900.9727	93745984.93	876968339.8	8176884357
27-10-2022	28-10-2022	936.9201	965.0173	897.5374	906.5165	91391595.1	913593481.1	8128358451
26-10-2022	27-10-2022	944.139485	978.060002	931.8237	936.9311	104496850.2	934389158.6	8208478254
25-10-2022	26-10-2022	927.3259	967.5884	917.9302681	943.1224785	117089125	916589109.5	7990042756
24-10-2022	25-10-2022	978.0228	983.207	912.9144396	925.4478	133989012.8	921895736.1	7759432663
23-10-2022	24-10-2022	994.4260193	1002.4032	930.5019	977.6332	98502238.57	942989530.8	7799261422
22-10-2022	23-10-2022	1014.8665	1036.1114	984.7652863	994.4260193	111848423.5	986825101.2	7649037916
21-10-2022	22-10-2022	1050.9649	1061.6567	1008.6774	1015.5524	157980897.9	1009555107	7633714042
20-10-2022	21-10-2022	1088.4385	1089.8093	1029.286893	1049.4057	226579118.7	1036152563	7629009022
19-10-2022	20-10-2022	1101.992	1142.7323	1075.49366	1090.3623	241761530	1079154103	7724254619
18-10-2022	19-10-2022	1089.1561	1115.7921	1065.210529	1104.4843	273277917.6	1063435202	7784291906
17-10-2022	18-10-2022	999.6869956	1111.971601	978.0698733	1089.7117	210628556.4	1018575422	7838912157
16-10-2022	17-10-2022	969.2307	1006.821622	954.3701473	999.1626597	159380022.8	957212306.5	7757267800
15-10-2022	16-10-2022	914.8619	973.118	914.8619	967.582	145795422.8	931431210.4	7699615758
14-10-2022	15-10-2022	916.7615548	940.8134	894.3475	916.2833	151808291	895214938.4	7743949308
13-10-2022	14-10-2022	916.7564199	950.1738	885.6867459	916.4678102	185976770.1	903087978.2	7760095305
12/10/2022	13-10-2022	974.6331	980.0737237	913.3071	916.8880745	295416914.8	928378698	7606527866
11/10/2022	12/10/2022	979.2815687	996.165	931.357	974.358	583678683.3	941885717.6	7507677890
10/10/2022	11/10/2022	978.314	1024.888503	898.9366	969.7656092	387872175.3	915388832.7	7521888464
9/10/2022	10/10/2022	876.801	1145.0271	864.9003	1007.623	66468953.44	862714421.6	7644520701
8/10/2022	9/10/2022	859.4421	884.0333	856.2789	877.4095	85285546.93	850732142.5	7611892518
7/10/2022	8/10/2022	843.4427	865.5057	835.0149	860.0345	74140590.04	829283713.8	7680531184
6/10/2022	7/10/2022	840.8144	851.4444	824.7614	844.1462	78506668.18	822770485.2	7748214627
5/10/2022	6/10/2022	845.4996	859.7802	823.2522	840.8144	117419339.8	821686037.8	7751891222
4/10/2022	5/10/2022	808.8527	865.8025	804.2746	846.2028	150796781.8	823334468.9	7744314419
3/10/2022	4/10/2022	754.515	816.6628	751.0735	811.4189	89520171.45	772842818.8	7633794013
2/10/2022	3/10/2022	729.6839	772.6964	728.2056	754.515	65095862.18	735358751.1	7574746040
1/10/2022	2/10/2022	738.2751214	776.5161	729.9529	729.9529	82665714.13	739990018.6	7659081296
30-09-2022	1/10/2022	738.3036	775.9566	736.0612	738.7397075	80096213.5	739672824.5	7147664372
29-09-2022	30-09-2022	730.5545	746.6354	711.5632	738.3036	59338304.63	711088120.1	7174354841
28-09-2022	29-09-2022	745.0441	753.5333	686.2557092	731.2814	77575673.45	696495606.1	7280371782
27-09-2022	28-09-2022	718.8607	769.4813	717.1478	745.0441	74814806.83	729730286.2	7312794958
26-09-2022	27-09-2022	708.1536	718.8607	674.8147	718.8607	74869288.67	680752368.2	7343708585
25-09-2022	26-09-2022	679.5238	709.7928	676.6932	708.5661	37288864.23	677515139.8	7258710125
24-09-2022	25-09-2022	670.8838	688.0062	669.5821	679.5238	42463553.58	664830102.2	7280128915
23-09-2022	24-09-2022	647.9264	676.9497	635.8909	670.8838	48024428.67	642149929.4	7284021365
22-09-2022	23-09-2022	592.517398	650.2004815	592.517398	647.7898	52804953.23	611648719.9	7298437972
21-09-2022	22-09-2022	608.9061	642.1529	583.3929	593.4541	53274479.31	597024748.1	7114962963
20-09-2022	21-09-2022	629.1916	634.9937	595.5887	604.8905	42077102.79	604955362.7	7260129706
19-09-2022	20-09-2022	632.3022272	640.6715	609.5	630.659	48150243.39	609880795.4	7316929171
18-09-2022	19-09-2022	687.9609	687.9609	619.5722	630.9236	26849699.52	650987883.4	7299423419
17-09-2022	18-09-2022	669.2585	687.9609	666.2667	687.9609	32465517.47	660745210.9	7503592540
16-09-2022	17-09-2022	659.8931	671.8393	653.6225	667.8668	44526097.33	649365524.4	7433730607
15-09-2022	16-09-2022	702.1291	707.8703	657.973	658.5361	44212096.23	667786745	7482745117
14-09-2022	15-09-2022	694.2882	704.8983	686.0346	702.1291	44958902.45	683517401.2	7790748139
13-09-2022	14-09-2022	736.8111	741.0677	688.8807	692.8998	36715215.84	703228395.1	8095690016
12/9/2022	13-09-2022	755.1984	765.205	732.0397	736.8111	28484402.74	732755463.9	8514457368
11/9/2022	12/9/2022	766.8868	773.4514	746.1743	754.457	26734310.56	748287213.9	8582388421
10/9/2022	11/9/2022	779.8133	781.6406	754.0235	766.8868	33735608.09	749068627.9	8623642440
9/9/2022	10/9/2022	725.6476	786.5299	725.6476	778.2286	35579193.67	744574832.8	8472154388
8/9/2022	9/9/2022	738.2587	747.9733	721.3651	724.8706	33022238.98	716556145.3	8208324997
7/9/2022	8/9/2022	727.664	752.0834	709.0648	740.0282	47281667.62	706144433.4	8146134357
6/9/2022	7/9/2022	741.0562	766.4607	693.3924	722.6482	29930610.87	723177240.9	7921235220
5/9/2022	6/9/2022	750.5158	755.2425	726.1312	741.0562	30410284.22	727164990.8	8104395016
4/9/2022	5/9/2022	742.0395	750.5158	737.3925	750.5158	27400728.08	726891140.7	7936570248
3/9/2022	4/9/2022	749.4622	749.4622	736.7789	741.1688	28199205.25	726652788.8	7920379396
2/9/2022	3/9/2022	758.6247	781.6811698	743.4345	749.5917	41952526.11	742259432.4	7974594887
1/9/2022	2/9/2022	762.3878	767.689	735.4614	758.6247	38024257.98	737041822.5	7977686150
31-08-2022	1/9/2022	782.6642	817.482	761.9881	762.3453	35614667.89	776320552.4	7908410932
30-08-2022	31-08-2022	811.2523	828.0441	762.9997	784.2867	48463870.57	784215640	7990896836
29-08-2022	30-08-2022	735.9544	811.6516	734.7751	811.6516	53388428.62	752391476	7946964850
28-08-2022	29-08-2022	766.2211	777.3121	739.1269	739.1269	42327168.63	748027056.7	7722875024
27-08-2022	28-08-2022	760.7035	780.9157	755.0111	768.9251	74297578.59	750613500.4	7762089881
26-08-2022	27-08-2022	845.8126	845.8126	757.3856	759.0245	60123974.47	795950614.3	7825791196
25-08-2022	26-08-2022	854.1225	875.7308	835.9511	845.8126	54993033.86	839161963.9	8217213796
24-08-2022	25-08-2022	855.4045	869.859887	839.7624	854.0335	64157009.25	835499451.8	8173543669
23-08-2022	24-08-2022	838.535	857.5927	816.5482827	856.7831	74681691.91	825258267.5	8129175304
22-08-2022	23-08-2022	838.9291	849.2907	799.8234	837.5949	54882720.69	805406586.2	8109523546
21-08-2022	22-08-2022	824.1391	844.2183	822.0233	839.9136	43477228.37	816188194.7	8091843648
20-08-2022	21-08-2022	837.4628	862.276	803.6062	825.3726	52960760.17	820079932.7	8030092744
19-08-2022	20-08-2022	894.2344	894.2344	827.9032	836.5908	59368856.02	836651474.6	8126033371
18-08-2022	19-08-2022	928.1862	954.3203	892.7687	894.2344	54633761.82	913456587.6	8604491782
17-08-2022	18-08-2022	981.393	1008.79836	928.6232	929.5929	69877165.25	950402654.4	8696415635
16-08-2022	17-08-2022	998.7352	1007.2302	973.5958	979.4228	68634784.12	966927006.4	8863282467
15-08-2022	16-08-2022	1025.0497	1043.6168	989.1613	998.7352	79536893.9	989795407.5	8900423757
14-08-2022	15-08-2022	1066.6138	1082.7587	1016.8893	1025.3056	64121539.96	1035142978	9044417076
13-08-2022	14-08-2022	1083.0942	1102.423	1066.3107	1066.6138	113165615.3	1054673388	9188866716
12/8/2022	13-08-2022	1075.813	1089.811362	1062.921046	1082.0062	151608962.1	1052485640	9078600291
11/8/2022	12/8/2022	1115.8127	1173.652152	1064.6961	1074.5082	132175951.8	1073493418	8971660108
10/8/2022	11/8/2022	1068.966771	1116.2707	1052.3811	1115.8127	102948380.6	1059830706	9019768756
9/8/2022	10/8/2022	1140.5135	1145.1186	1058.455202	1069.133226	101729425.6	1071711430	8619359632
8/8/2022	9/8/2022	1127.165693	1183.2586	1123.4475	1140.5135	85539233.03	1126347947	8827928267
7/8/2022	8/8/2022	1086.5169	1141.2032	1082.0071	1127.049869	84178384	1085206593	8596830224
6/8/2022	7/8/2022	1115.726951	1135.970273	1087.771	1087.771	104235842	1088950045	8553433472
5/8/2022	6/8/2022	1052.3003	1116.547695	1051.991859	1114.827659	113595251.6	1062549319	8646186830
4/8/2022	5/8/2022	1039.7798	1069.5012	1037.3006	1053.451794	93283135.87	1027490708	8404698835
3/8/2022	4/8/2022	1046.282688	1082.3739	1019.2661	1039.1428	109206197.8	1036388275	8512608028
2/8/2022	3/8/2022	1065.644371	1073.593806	1014.862226	1047.541642	108743231.7	1019672111	8391854528
1/8/2022	2/8/2022	1099.7361	1123.633022	1050.934402	1065.956562	121925339.2	1065821967	8453595342
31-07-2022	1/8/2022	1115.802722	1165.3526	1091.7277	1099.9453	130411389.9	1100788759	8499320984
30-07-2022	31-07-2022	1155.2402	1170.2643	1094	1116.006123	173341055.6	1113364804	8568869967
29-07-2022	30-07-2022	1113.209604	1165.3261	1058.79059	1154.1798	179578853.8	1083267788	8634198636
28-07-2022	29-07-2022	1008.265355	1122.0816	996.0036872	1112.796951	149168808.3	1019366690	8627540199
27-07-2022	28-07-2022	898.9556	1008.285763	898.9556	1008.285763	92698930.19	922521616	8394556625
26-07-2022	27-07-2022	903.1003	903.811	854.7977	897.1118	91065202.89	856663539.2	7949002257
25-07-2022	26-07-2022	992.0666	992.0666	903.9568	903.9568	96460866.69	914425829.4	8081666739
24-07-2022	25-07-2022	957.4527	1006.3902	957.4527	993.6595	92247952.96	959465771.6	8348216463
23-07-2022	24-07-2022	949.9913	975.3038097	926.0499	956.9868	95113795.68	928868071.9	8384719536
22-07-2022	23-07-2022	977.6768	1007.297107	936.6689	949.9913	107808036.9	956210774	8522223929
21-07-2022	22-07-2022	971.7963	993.2997494	947.8410391	978.182	131949688.8	947759929.7	8551793630
20-07-2022	21-07-2022	1030.3165	1052.557265	960.8464	971.9353	138300265.6	998843315.1	8504268558
19-07-2022	20-07-2022	1043.678874	1059.8001	1004.2571	1031.8774	145110556.6	1012978251	8550335074
18-07-2022	19-07-2022	936.3711	1041.505669	935.2594	1041.505669	113491374.9	978332547.5	8559463062
17-07-2022	18-07-2022	960.647701	966.6274	932.2284	936.3711	95178625.85	928814229.6	8060240297
16-07-2022	17-07-2022	911.985251	970.6066135	890.0017	960.6723	92994156.07	898213312.9	8117588583
15-07-2022	16-07-2022	892.5769	933.0691	880.3387	911.9658582	103031996.2	889728389.2	7814349036
14-07-2022	15-07-2022	851.9944	895.4186629	822.8088	892.5769	98449846.44	835005854	7702956606
13-07-2022	14-07-2022	831.0543734	857.5432	800.8189	851.5071	88370055.12	818080666.5	7521306477
12/7/2022	13-07-2022	867.1209586	877.3722	831.0543734	831.0543734	92242812.36	838455532.3	7269666596
11/7/2022	12/7/2022	938.7238	938.8426	863.9669	867.2624817	101371661	899193089.8	7453283771
10/7/2022	11/7/2022	996.9763	997.659	937.4469	939.0025	90331510.59	942860394.1	7599094706
9/7/2022	10/7/2022	968.6029772	1008.7484	965.491	996.9298	98956737.89	961817083.4	7685167606
8/7/2022	9/7/2022	988.8090638	1001.5561	955.5977933	973.7208681	125214578	953877469.2	7707155053
7/7/2022	8/7/2022	996.2682847	1011.776102	971.377721	988.8242437	126603331.3	966163066	7735560855
6/7/2022	7/7/2022	932.2332634	1003.9298	917.943	996.3755351	126857504.3	939746282.1	7918526679
5/7/2022	6/7/2022	943.1423	958.7922	898.3809	931.6422718	100416152.2	912471537.8	7840608583
4/7/2022	5/7/2022	900.0545	945.1282	878.8363	943.1423	77599908.24	888867954	7874087222
3/7/2022	4/7/2022	908.261	911.0353	878.4202	899.756	78663057.58	874408381.1	7579624339
2/7/2022	3/7/2022	896.0141923	915.1239	873.2153	908.261	114637196.8	874996715.6	7575882149
1/7/2022	2/7/2022	902.047916	921.3976	871.9524141	897.0169854	150456044.9	878775435.3	7573930975
30-06-2022	1/7/2022	910.1324	914.3691	840.3597372	874.1253564	140646426.8	850744270.8	7637836824
29-06-2022	30-06-2022	946.1782	969.7347322	902.0815	906.1916	141748266.8	919969462.9	7631786581
28-06-2022	29-06-2022	999.8240123	1025.024023	945.6141	946.689	125061315.5	965842786.8	7650160844
27-06-2022	28-06-2022	998.8644	1066.053073	996.9336676	1000.2277	133500852.6	1000898368	7881321125
26-06-2022	27-06-2022	1037.642176	1089.47967	1009.5364	1009.5364	138075508.7	1028489470	7909454689
25-06-2022	26-06-2022	1056.491316	1079.07	1002.0661	1038.080248	170538369.9	1017201894	8016064665
24-06-2022	25-06-2022	976.3889	1068.847532	966.0931135	1061.494369	171923252.7	987848401.9	7958790751
23-06-2022	24-06-2022	883.9957449	979.2942983	883.9957449	978.0587	127465043.2	911772534.6	7822612534
22-06-2022	23-06-2022	917.2744471	945.3398478	873.4719464	886.6860557	111811183.1	882970595.6	7649226906
21-06-2022	22-06-2022	899.2207	954.3203733	883.0682057	919.4688012	139344821.4	899535360.7	7784445952
20-06-2022	21-06-2022	902.6446	946.29	862.7823	901.8119	169875548.8	877988852.8	7785097752
19-06-2022	20-06-2022	732.0393	907.1280014	707.8347	900.5973	117643541	767327692.1	7745681658
18-06-2022	19-06-2022	768.651	782.01	664.6008	733.6723	78231604.75	704643379.8	7464889992
17-06-2022	18-06-2022	732.5413701	781.3998	730.9656	771.7869	78968156.82	747651356.7	7753292699
16-06-2022	17-06-2022	827.4485378	834.5800719	717.0922	730.1026	128469603.9	752097156.2	7459592053
15-06-2022	16-06-2022	790.0914	826.0042834	682.9812	825.0528533	128134844.9	734377744.2	7966559907
14-06-2022	15-06-2022	758.3149856	813.9387025	700.5559	791.991	151553999.6	757441022	7897522625
13-06-2022	14-06-2022	912.5892	915.7116	722.6418	752.5739864	139651776.6	771918434.6	7933178283
12/6/2022	13-06-2022	985.179	995.2171	904.9043	916.9759	91319405.83	920824398.1	8537468882
11/6/2022	12/6/2022	1044.3797	1068.0868	956.5717	987.1789	78387699.15	995805933.8	8667132876
10/6/2022	11/6/2022	1133.3196	1136.3565	1045.5647	1045.6369	64378588.84	1067600298	9095298816
9/6/2022	10/6/2022	1153.9898	1171.9587	1122.7609	1133.3196	48896734.6	1120486848	9526704036
8/6/2022	9/6/2022	1157.0522	1173.7825	1130.1547	1153.9898	71131667.37	1131151920	9548893053
7/6/2022	8/6/2022	1210.3061	1210.3061	1120.1476	1159.6456	75856544.33	1130057681	9648849630
6/6/2022	7/6/2022	1180.1835	1230.187	1176.8802	1210.3061	79026387.3	1181186958	9437743692
5/6/2022	6/6/2022	1170.8104	1205.1739	1147.2302	1177.7648	60917936.86	1143354557	9532331984
4/6/2022	5/6/2022	1143.9812	1191.6625	1122.4166	1169.8599	72237369.91	1134215659	9488117766
3/6/2022	4/6/2022	1204.8814	1207.8823	1124.2787	1143.9812	92878787.57	1131049056	9453683966
2/6/2022	3/6/2022	1206.8402	1233.8153	1175.975878	1204.8814	95860894.72	1173091811	9594318817
1/6/2022	2/6/2022	1319.640219	1331.4096	1176.6223	1206.8402	98603720.68	1250136668	9521276507
31-05-2022	1/6/2022	1368.9057	1378.368949	1297.562828	1323.5133	119083708.4	1297731947	9929904175
30-05-2022	31-05-2022	1190.9005	1378.6926	1186.7846	1365.6965	98873388.57	1269671700	10099104835
29-05-2022	30-05-2022	1213.1116	1222.4708	1172.4994	1190.9005	96668486.51	1165595524	9440668656
28-05-2022	29-05-2022	1114.938282	1232.7934	1113.131	1213.4243	94824115.35	1156998754	9393689673
27-05-2022	28-05-2022	1150.4742	1205.31853	1104.2007	1111.788479	102684190.5	1121345129	9269124575
26-05-2022	27-05-2022	1259.871	1288.0265	1125.9148	1156.7146	82905150.75	1178276043	9388339592
25-05-2022	26-05-2022	1292.8385	1316.1164	1250.0682	1259.871	95775008.33	1247415452	9815132794
24-05-2022	25-05-2022	1303.005721	1322.976735	1252.1375	1290.254	110618187.7	1264752265	9850935862
23-05-2022	24-05-2022	1434.3758	1445.1824	1283.640837	1303.056368	84182109.62	1369528873	9766888410
22-05-2022	23-05-2022	1395.581	1435.8736	1383.5089	1435.8736	74988665.57	1375882020	9804599993
21-05-2022	22-05-2022	1393.317458	1422.0268	1360.6256	1398.378	113346025	1361873824	9612826587
20-05-2022	21-05-2022	1433.68416	1464.040245	1370.331	1395.470322	124089606.1	1390573441	9554216083
19-05-2022	20-05-2022	1429.9951	1453.258149	1375.039928	1438.513894	158490345.5	1382418155	10312866849
18-05-2022	19-05-2022	1574.898232	1595.512099	1422.305	1432.6267	169447477.3	1473383480	10117710251
17-05-2022	18-05-2022	1522.105135	1685.0963	1492.1079	1578.51621	204373930.7	1564427666	10655526995
16-05-2022	17-05-2022	1569.268696	1590.1738	1463.22478	1517.220244	184203263.8	1498165521	10405190191
15-05-2022	16-05-2022	1564.5444	1645.7895	1469.183257	1564.080541	264665882.6	1517924719	10763483449
14-05-2022	15-05-2022	1380.183	1618.695397	1370.7192	1570.301	293134012.2	1460918482	10491920144
13-05-2022	14-05-2022	1332.7985	1731.119818	1332.7985	1375.5414	454084596.9	1437555244	10451479805
12/5/2022	13-05-2022	1118.9016	1326.4972	961.8111	1326.4972	779538166.9	1117297611	10318250498
11/5/2022	12/5/2022	1219.9775	1802.551665	1095.488297	1117.3766	837027132.6	1292246753	10325929863
10/5/2022	11/5/2022	1056.23816	1250.866453	1031.426487	1222.2836	292875405.8	1162600107	11916640362
9/5/2022	10/5/2022	1189.753357	1215.1744	1035.708264	1071.488588	129230307.3	1098917344	11716483651
8/5/2022	9/5/2022	1263.6253	1276.3357	1177.152	1183.775937	83865307.94	1196100731	11909955792
7/5/2022	8/5/2022	1333.7666	1343.9164	1238.3564	1266.0508	67552749.55	1289121134	12591541966
6/5/2022	7/5/2022	1373.8311	1393.3712	1312.6229	1335.9697	82331166.49	1324760315	12930938458
5/5/2022	6/5/2022	1491.4236	1508.898224	1357.7849	1373.8311	71247766.99	1413708590	13000857954
4/5/2022	5/5/2022	1399.7503	1506.6709	1396.1072	1494.4459	63972112.86	1403977328	13528108263
3/5/2022	4/5/2022	1481.2375	1505.9294	1386.377921	1399.293	70981217.63	1421543448	13141525044
2/5/2022	3/5/2022	1451.6009	1495.1149	1413.6678	1479.1682	62205287.5	1420999729	13332335358
1/5/2022	2/5/2022	1453.9181	1515.4501	1407.3093	1451.6009	79626966.23	1426961822	13287531600
30-04-2022	1/5/2022	1552.3901	1582.2469	1407.3933	1450.8652	70560312.57	1505514365	13135459674
29-04-2022	30-04-2022	1633.7225	1650.8719	1514.915	1549.1278	71766777.96	1543298334	13379725963
28-04-2022	29-04-2022	1665.081	1689.1408	1606.1341	1633.6251	55628415.37	1615365468	13765293074
27-04-2022	28-04-2022	1621.9988	1681.7092	1607.9621	1661.7047	73766542.29	1613606751	13662627970
26-04-2022	27-04-2022	1752.4397	1799.2481	1619.7252	1620.6558	64834242.75	1677154430	13452310421
25-04-2022	26-04-2022	1730.1492	1794.6901	1656.5851	1754.6435	57999816.26	1684700964	14092052121
24-04-2022	25-04-2022	1720.7736	1782.9399	1718.9341	1730.1492	42526649.28	1718055057	13634597441
23-04-2022	24-04-2022	1730.8472	1782.5866	1721.9688	1721.9688	54520254.79	1713883104	13827425825
22-04-2022	23-04-2022	1726.3314	1808.291	1718.9831	1730.8472	69663263.98	1715549871	13906869630
21-04-2022	22-04-2022	1807.7305	1872.7169	1701.7444	1726.3314	65870923.55	1772014524	13954591232
20-04-2022	21-04-2022	1856.7578	1907.4341	1784.186	1809.4934	72674955.07	1791809326	14266644693
19-04-2022	20-04-2022	1818.8724	1874.9335	1815.4601	1856.7578	66084109.05	1797676578	14221208034
18-04-2022	19-04-2022	1792.9579	1820.7933	1694.6701	1818.8724	76154386.99	1730401714	14195982278
17-04-2022	18-04-2022	1887.9151	1907.0127	1790.6099	1790.6099	77560271.23	1804589612	13912998441
16-04-2022	17-04-2022	1947.6957	1947.6957	1872.0263	1887.9151	80424538.59	1857446622	14183919621
15-04-2022	16-04-2022	1899.42045	1989.578343	1899.42045	1949.4685	122824889.8	1902267553	14128722940
14-04-2022	15-04-2022	1934.6809	1968.0349	1859.9002	1898.723653	103557402.4	1866605976	14075749736
13-04-2022	14-04-2022	1855.1115	1947.893009	1802.9944	1936.5844	68219363.61	1827448697	14431146376
12/4/2022	13-04-2022	1809.6449	1912.3701	1808.726	1858.9003	68822980.4	1820219543	14274627724
11/4/2022	12/4/2022	2013.881	2032.2306	1802.637	1810.0025	61355130.65	1894395859	14176444113
10/4/2022	11/4/2022	2086.9581	2086.9581	2086.9581	2086.9581	42460644	2040274934	15006194422
9/4/2022	10/4/2022	2035.2006	2088.556	2023.7347	2086.9581	65089498.49	2007466139	15207459558
8/4/2022	9/4/2022	2054.1506	2120.3147	2013.8965	2031.0705	75800817.17	2024037385	15043606779
7/4/2022	8/4/2022	2048.455383	2081.5811	2008.120775	2062.5442	121092288.6	2001816069	15209024021
6/4/2022	7/4/2022	2300.158689	2300.158689	2050.562167	2050.562167	191511714.3	2156719440	14728637437
5/4/2022	6/4/2022	2417.935965	2500.1483	2301.972725	2305.345347	333719203.6	2329463758	15237046970
4/4/2022	5/4/2022	2276.764941	2429.602181	2234.304885	2427.13234	173659985.1	2262446808	15806659221
3/4/2022	4/4/2022	2231.129699	2324.8289	2203.087733	2273.288452	158948580.7	2219891211	15753527878
2/4/2022	3/4/2022	2270.304	2349.181828	2224.341264	2224.341264	224696836.8	2236760251	15650906916
1/4/2022	2/4/2022	2088.75889	2319.1844	2027.062595	2286.081492	139191341	2103935646	15808626925
31-03-2022	1/4/2022	2173.393415	2229.802248	2037.149436	2082.063917	122584748.7	2112784583	14925332671
30-03-2022	31-03-2022	2123.711187	2287.8757	2075.598303	2175.212719	120190328.9	2129263154	17448229800
29-03-2022	30-03-2022	2040.17	2202.7089	2040.17	2117.693516	102955786.9	2075024294	17392373152
28-03-2022	29-03-2022	2055.648	2188.1327	2037.0019	2037.0019	82038590.06	2065746046	17275060774
27-03-2022	28-03-2022	2012.4981	2055.648	1977.2131	2055.648	45922362.34	1963395044	17247576973
26-03-2022	27-03-2022	2008.0299	2019.6029	1976.1441	2015.0628	64103115.73	1955422786	16762460549
25-03-2022	26-03-2022	2008.445709	2056.0842	1954.8615	2013.0085	84905297.51	1969056044	16654098919
24-03-2022	25-03-2022	1989.399174	2060.368146	1978.884398	2007.723174	138668485	1969959566	16769779523
23-03-2022	24-03-2022	2038.4484	2047.0952	1958.1174	1992.393111	78318428.26	1945584369	16670408299
22-03-2022	23-03-2022	2001.3219	2089.7613	2001.2821	2038.4484	89585359.62	2004332531	16451172218
21-03-2022	22-03-2022	1990.4368	2041.3681	1963.9283	2006.0107	68954171.53	1954089890	16193969169
20-03-2022	21-03-2022	2058.616821	2096.6856	1980.5153	1990.4368	85843552.5	1979416568	16118664464
19-03-2022	20-03-2022	2036.176313	2083.199181	2035.6487	2054.871078	124212693.8	2014459235	16327180022
18-03-2022	19-03-2022	2059.261758	2089.991744	2035.4052	2039.241807	122365502.9	2017750869	16366770727
17-03-2022	18-03-2022	1924.070299	2089.404071	1923.963469	2058.333163	152013747.9	1965362275	15810922757
16-03-2022	17-03-2022	1786.1993	2007.432877	1744.207	1925.156221	93859198.66	1812487454	15666520963
15-03-2022	16-03-2022	1796.3466	1860.391349	1723.4854	1787.4632	71663637.21	1743852206	15173831881
14-03-2022	15-03-2022	1685.7403	1796.3466	1674.8913	1796.3466	53362454.41	1701878040	15114573248
13-03-2022	14-03-2022	1741.9682	1779.8836	1675.153	1685.7403	43561248.47	1698748928	14848660826
12/3/2022	13-03-2022	1749.0971	1789.6568	1743.7094	1743.7094	45396702.45	1725601160	15080234286
11/3/2022	12/3/2022	1771.769	1792.5409	1707.5614	1749.0971	70570066.53	1710318675	15057978412
10/3/2022	11/3/2022	1912.7747	1912.810355	1765.1346	1771.769	88385913.43	1774193044	15199804377
9/3/2022	10/3/2022	1752.2124	1920.8038	1747.9429	1920.8038	82910187.93	1810011053	15636627538
8/3/2022	9/3/2022	1746.081	1788.66	1718.1801	1753.316	85904799.12	1719488031	15034844337
7/3/2022	8/3/2022	1724.965607	1811.8092	1675.0133	1742.7645	73358960.86	1704425015	14775660937
6/3/2022	7/3/2022	1838.9372	1845.1492	1728.551	1728.551	56498497.84	1763929960	14901251724
5/3/2022	6/3/2022	1794.5702	1862.4214	1762.6622	1838.9372	91620891.81	1777076818	15142692338
4/3/2022	5/3/2022	2040.895556	2042.718714	1780.0309	1793.0849	133320654.7	1863213316	14997770254
3/3/2022	4/3/2022	1994.5879	2071.028904	1888.161	2042.109136	93474655.8	1923451248	15670135942
2/3/2022	3/3/2022	1972.9466	2031.461	1919.5071	1990.5705	66833039.49	1929772775	16072333867
1/3/2022	2/3/2022	1964.7305	2029.0005	1919.3003	1982.5443	96068042.82	1920032548	16342178888
28-02-2022	1/3/2022	1810.1761	1961.8689	1770.0071	1961.8689	88576779.11	1797291579	16095950004
27-02-2022	28-02-2022	1936.6493	1963.0584	1792.1027	1810.1761	74509476.86	1849667254	15017845312
26-02-2022	27-02-2022	1989.563886	2029.275335	1930.0694	1932.4891	116222624.3	1945609986	15487101388
25-02-2022	26-02-2022	1894.065902	2060.288	1848.153515	1994.356327	181428681.7	1899920041	15462961068
24-02-2022	25-02-2022	1741.6083	1914.2411	1520.749743	1889.156385	118814764.2	1660975198	15210909778
23-02-2022	24-02-2022	1811.871	1872.4577	1748.8528	1748.8528	124640264.2	1781487576	15538687182
22-02-2022	23-02-2022	1667.593565	1827.3674	1641.9177	1813.8123	126169685.4	1685020848	15733808152
21-02-2022	22-02-2022	1779.1214	1859.1011	1666.040291	1666.040291	88947100.24	1738878358	15507182595
20-02-2022	21-02-2022	1915.0616	1915.0616	1748.8047	1782.7294	69437745.2	1782412369	15835998170
19-02-2022	20-02-2022	1898.1074	1929.8934	1847.2599	1912.3401	66202688.54	1856965387	16277424498
18-02-2022	19-02-2022	1973.5071	2010.3844	1892.8879	1901.5026	84269623.18	1919968042	16234033786
17-02-2022	18-02-2022	2127.3818	2147.9209	1949.3103	1969.2448	96566404.33	2006401740	16543303372
16-02-2022	17-02-2022	2097.1691	2176.959825	2028.8764	2130.7953	72833246.82	2052340289	17569873954
15-02-2022	16-02-2022	1938.8099	2094.8351	1929.7911	2094.8351	54328336.14	1969621992	17792279994
14-02-2022	15-02-2022	1931.1532	1985.0712	1873.12533	1939.1114	56238953.97	1874155908	16854800822
13-02-2022	14-02-2022	1988.3065	2031.1823	1929.3902	1933.4941	54625324.99	1951036378	16727051541
12/2/2022	13-02-2022	2023.3739	2049.6651	1965.0064	1984.1569	75469888.13	1963074273	16792499245
11/2/2022	12/2/2022	2106.554886	2129.2511	1972.6902	2023.3739	103686170.2	2034444472	16866108661
10/2/2022	11/2/2022	2245.92	2329.0969	2100.1041	2108.732025	77784649.06	2167995363	17314779206
9/2/2022	10/2/2022	2207.701762	2264.6369	2154.1028	2246.9981	86776934.58	2158803488	18120209828
8/2/2022	9/2/2022	2253.53885	2311.838874	2169.122605	2211.02835	126343137.1	2183965450	17802119154
7/2/2022	8/2/2022	2248.161	2266.766661	2199.8909	2256.07306	94037061.12	2182866014	17500606786
6/2/2022	7/2/2022	2257.7353	2297.6544	2200.822	2246.336	108225518.7	2201238311	17058212981
5/2/2022	6/2/2022	2280.120298	2319.907	2237.119551	2255.9139	149988326.4	2222518964	16866575575
4/2/2022	5/2/2022	2289.1103	2341.941022	2227.2889	2280.469347	193353067.8	2237080042	16792651271
3/2/2022	4/2/2022	2141.4048	2326.2397	2135.7271	2276.6938	143064902.8	2177654861	15600445251
2/2/2022	3/2/2022	2197.0832	2306.012798	2105.328784	2143.0119	109666525.3	2163246530	15651620740
1/2/2022	2/2/2022	2135.5718	2231.808599	2130.452356	2199.388	117032870.2	2133544527	16082013215
31-01-2022	1/2/2022	1989.8106	2140.324625	1947.4568	2140.324625	106325992.6	1994727149	15755419914
30-01-2022	31-01-2022	1951.3566	1992.6985	1925.9219	1989.8106	72340388.96	1910719738	15626766733
29-01-2022	30-01-2022	1872.3385	1955.5731	1862.7316	1947.4246	83529604.16	1862897891	15610447854
28-01-2022	29-01-2022	1767.3181	1876.1964	1733.3032	1876.1964	101853562.9	1764763144	15405608772
27-01-2022	28-01-2022	1704.382817	1784.030746	1651.8239	1770.880534	124351570.5	1682887568	14771664719
26-01-2022	27-01-2022	1811.718487	1863.9717	1674.00705	1705.776325	136833083	1741149243	15737784803
25-01-2022	26-01-2022	1922.2655	1935.859584	1799.368748	1818.698707	169993652.4	1837946446	15275956750
24-01-2022	25-01-2022	1831.6032	1950.67305	1658.792084	1924.432	142565172.1	1757728187	14909728582
23-01-2022	24-01-2022	1794.320464	1916.236181	1770.1494	1830.1328	279324973.8	1799280567	15160167486
22-01-2022	23-01-2022	1799.0756	2039.739466	1650.3722	1796.159335	378418284.4	1804057234	14339468927
21-01-2022	22-01-2022	1899.045242	1913.543	1711.752264	1788.5445	97091322.81	1805032416	14621123275
20-01-2022	21-01-2022	1998.684	2058.2482	1901.0567	1902.9188	57373246.85	1974949511	16098471695
19-01-2022	20-01-2022	2062.9667	2064.3758	1994.5018	1994.5018	72680645.51	2002732602	16439300268
18-01-2022	19-01-2022	2096.6228	2119.7438	2036.8069	2062.9667	63696777.3	2038719985	16581572920
17-01-2022	18-01-2022	2254.272267	2265.1237	2076.7983	2101.1159	56057892.4	2113796112	16693599680
16-01-2022	17-01-2022	2213.7873	2254.1937	2185.0086	2252.366536	38569986.64	2182521617	17078211048
15-01-2022	16-01-2022	2191.1477	2237.1167	2172.1786	2218.7863	47053396.05	2169923024	16968604794
14-01-2022	15-01-2022	2096.4344	2193.3081	2092.1182	2191.1477	58527079.48	2110402957	16835353834
13-01-2022	14-01-2022	2166.0637	2194.323	2081.9846	2100.9689	64034592.03	2114308935	16631532091
12/1/2022	13-01-2022	2072.9975	2174.8664	2042.6533	2170.4114	74707639.48	2078913394	16985939033
11/1/2022	12/1/2022	1985.9559	2083.1615	1977.0649	2072.9975	87881599.83	2003734425	16499781987
10/1/2022	11/1/2022	2123.1542	2142.1037	1955.310067	1984.0825	71573566.53	2028183119	15961497783
9/1/2022	10/1/2022	2052.7227	2154.2845	2039.6403	2127.582	86334451.74	2074860829	16105927573
8/1/2022	9/1/2022	2127.1124	2182.756794	2004.2841	2056.98369	101363557.8	2093935821	15939190768
7/1/2022	8/1/2022	2247.169195	2250.373469	2107.8016	2122.5096	122270155	2146543177	16198311777
6/1/2022	7/1/2022	2241.4908	2276.302097	2126.4112	2247.00076	126992834.8	2183593073	16756202391
5/1/2022	6/1/2022	2451.3918	2517.0196	2191.5598	2241.4908	90361018.8	2403765029	17079567905
4/1/2022	5/1/2022	2394.8543	2534.944675	2361.627442	2451.3918	105803869.3	2401299651	17945554038
3/1/2022	4/1/2022	2470.6637	2581.2407	2382.095229	2398.1096	98080069.53	2430799060	17881365723
2/1/2022	3/1/2022	2424.6649	2505.2431	2336.3434	2470.6637	88506626.22	2375414704	18075587439
1/1/2022	2/1/2022	2338.3384	2428.025	2327.0532	2421.4609	78692538.33	2336424074	17851869606
31-12-2021	1/1/2022	2395.0134	2423.134385	2298.108631	2343.0289	98275720.26	2338871754	17504819115
30-12-2021	31-12-2021	2356.498148	2412.9236	2302.600672	2400.3358	89348916.24	2336381085	17601219408
29-12-2021	30-12-2021	2496.4871	2520.5265	2345.5468	2350.5042	78970188.57	2428749017	17427001599
28-12-2021	29-12-2021	2682.4865	2701.235629	2480.9161	2501.7055	88808701.07	2527190812	17952424963
27-12-2021	28-12-2021	2684.082	2771.3457	2672.8553	2679.5206	94661244.14	2689731902	18856459978
26-12-2021	27-12-2021	2693.1257	2733.356	2636.4442	2684.082	94596194.51	2650837070	18981906364
25-12-2021	26-12-2021	2566.9017	2712.2155	2561.3847	2696.7076	76890454.28	2604668816	18969573817
24-12-2021	25-12-2021	2672.802441	2682.971179	2548.8598	2564.7125	106163096.5	2586935339	18816440347
23-12-2021	24-12-2021	2446.5518	2673.553275	2402.9283	2670.649561	89226851.4	2473729542	18999224776
22-12-2021	23-12-2021	2425.813	2510.7266	2421.4233	2448.1133	62922732.85	2428582164	18536968735
21-12-2021	22-12-2021	2346.2231	2442.8763	2340.0356	2425.813	64779526.86	2364809817	18631782204
20-12-2021	21-12-2021	2375.34736	2404.2064	2241.9647	2346.2231	73635526.28	2286032338	18272441725
19-12-2021	20-12-2021	2467.9489	2504.3736	2375.5674	2380.2154	66493930.92	2406434753	18176234728
18-12-2021	19-12-2021	2368.6029	2491.7608	2337.3818	2472.5901	100612445.7	2409714246	18365612515
17-12-2021	18-12-2021	2323.4772	2381.9533	2221.0192	2377.1599	62441604.06	2286049456	18025040108
16-12-2021	17-12-2021	2385.1745	2429.2592	2323.5093	2328.1997	75847878.48	2357479085	18151228055
15-12-2021	16-12-2021	2301.850265	2418.1833	2216.0882	2379.7809	75428471.69	2281382658	18286645330
14-12-2021	15-12-2021	2233.5632	2317.396	2174.6031	2301.850265	98307562.81	2226943251	17563663854
13-12-2021	14-12-2021	2470.3178	2478.2864	2213.2582	2236.2205	63393342.36	2328226745	17233284648
12/12/2021	13-12-2021	2446.9079	2481.2111	2387.8329	2470.3178	60659610.39	2407964831	18502793086
11/12/2021	12/12/2021	2341.7225	2455.814512	2302.7436	2446.9079	99365605.35	2376541287	18267668982
10/12/2021	11/12/2021	2523.843765	2595.4846	2350.8327	2350.8327	99278785.52	2463453447	17744439622
9/12/2021	10/12/2021	2734.411838	2745.657434	2505.2336	2534.021905	121997562.1	2585243814	18533512228
8/12/2021	9/12/2021	2617.027	2747.826248	2600.9887	2730.795236	99354662.47	2657199979	19482328696
7/12/2021	8/12/2021	2611.861812	2683.3062	2585.0372	2611.717	99605173.67	2599060216	19106094118
6/12/2021	7/12/2021	2580.2004	2621.07887	2370.6034	2610.693452	124087862.6	2487342556	19195592308
5/12/2021	6/12/2021	2610.191256	2662.514945	2513.0184	2572.7376	176665610.7	2560321246	18596920305
4/12/2021	5/12/2021	2752.1575	2754.9642	2340.6841	2591.811988	192788370.1	2553562917	18223173215
3/12/2021	4/12/2021	2968.7731	2983.8799	2711.168479	2764.7935	92932558.95	2845298847	18617129863
2/12/2021	3/12/2021	2975.9239	3033.39308	2908.168877	2968.7731	105895624.5	2946303528	19557459876
1/12/2021	2/12/2021	3058.195918	3124.3192	2960.827287	2973.9258	139117243.5	3033348909	19753823382
30-11-2021	1/12/2021	3086.728	3219.4679	2979.9885	3068.267642	118336243.7	3060288527	19820031255
29-11-2021	30-11-2021	3078.673362	3114.4813	3018.931	3087.3359	94733533.54	3037681704	19248402258
28-11-2021	29-11-2021	3080.9512	3089.7963	2866.9496	3080.593254	93374883.21	2948801828	18794535583
27-11-2021	28-11-2021	3087.280607	3195.7817	3034.5796	3067.0116	138251136.1	3101771482	18000565067
26-11-2021	27-11-2021	3310.587079	3401.669103	2948.999636	3092.05962	222200476.4	3123988007	17612997249
25-11-2021	26-11-2021	3095.1725	3431.9058	3087.1995	3315.239899	198533332.3	3265629221	19200455168
24-11-2021	25-11-2021	3038.529584	3154.670077	2959.479866	3089.7962	130976391.8	3015115197	18339357692
23-11-2021	24-11-2021	2856.5319	3088.831107	2838.3341	3044.801069	103223299.4	2949359577	18591037251
22-11-2021	23-11-2021	2953.0247	2986.9358	2833.102876	2856.2341	97057159.18	2871931689	17744252482
21-11-2021	22-11-2021	3122.850213	3140.31439	2964.24204	2964.24204	106331733.7	3015356940	18611191104
20-11-2021	21-11-2021	2954.108984	3128.204003	2940.3463	3128.204003	87706235.65	2991974706	18912608476
19-11-2021	20-11-2021	2806.115927	3000.169027	2790.3947	2958.199342	178842906.4	2872672458	18418754288
18-11-2021	19-11-2021	2803.0471	3209.3786	2766.7972	2796.6573	271523904.9	2867204919	17255607812
17-11-2021	18-11-2021	2807.807532	2818.984767	2674.6603	2803.5496	113536830.8	2731462180	18187183956
16-11-2021	17-11-2021	3021.2527	3021.2527	2728.5608	2809.447	129166393.8	2830576191	17901243703
15-11-2021	16-11-2021	3043.742631	3139.5033	2988.9141	3026.28434	107082470.1	3027727309	18905642134
14-11-2021	15-11-2021	3128.2256	3178.382754	2941.7384	3041.58	159228012	3019063438	19067082309
13-11-2021	14-11-2021	2882.644079	3184.857218	2882.0268	3133.858013	140772775.6	2987130987	19211370436
12/11/2021	13-11-2021	2995.308046	3008.0027	2803.7371	2882.238927	102463006.4	2889620163	19342337382
11/11/2021	12/11/2021	2959.544626	3064.331233	2914.28882	3003.100401	163073754.1	2971719392	19515509152
10/11/2021	11/11/2021	3133.639185	3208.757657	2860.411179	2947.765773	129272211.6	3090585685	19186245413
9/11/2021	10/11/2021	3301.68808	3301.68808	3101.060575	3134.0607	254414372.6	3174827005	19678486050
8/11/2021	9/11/2021	2971.009262	3384.680315	2964.096136	3298.88431	220436394.5	3156181007	19753787030
7/11/2021	8/11/2021	3025.054861	3057.076899	2917.749321	2965.996917	160380168	2968863770	18901321808
6/11/2021	7/11/2021	2949.018419	3090.031507	2813.6465	3020.842463	153051562.7	2911169734	18554112015
5/11/2021	6/11/2021	3013.166641	3014.3406	2865.079949	2953.875995	209477110.9	2914338838	18448384332
4/11/2021	5/11/2021	3218.399603	3232.674735	2894.584638	2998.470484	741724553.1	3016247356	18087440013
3/11/2021	4/11/2021	2811.996205	3592.878262	2811.996205	3237.988578	743490691.9	3099385876	18345630064
2/11/2021	3/11/2021	2451.619426	2854.6208	2436.099392	2822.972701	176587179.3	2574079647	18140882278
1/11/2021	2/11/2021	2419.421035	2538.6659	2355.238995	2453.188489	123308297.9	2420347830	17442259682
31-10-2021	1/11/2021	2378.03	2422.20137	2334.1596	2420.44717	88937397.63	2358020146	17310759536
30-10-2021	31-10-2021	2451.812825	2468.6462	2358.6034	2372.8533	88274850.86	2405527602	17335522624
29-10-2021	30-10-2021	2377.1871	2465.6896	2370.047	2452.193118	102451027.9	2413971254	17560228205
28-10-2021	29-10-2021	2229.1293	2407.2532	2221.7075	2377.1871	119604616.7	2306133323	17205990334
27-10-2021	28-10-2021	2461.6367	2503.251291	2218.615708	2237.9317	152790527.3	2315529361	16255279199
26-10-2021	27-10-2021	2474.191	2549.9969	2448.1603	2462.9268	135032777	2481321470	16557135014
25-10-2021	26-10-2021	2435.4648	2478.3774	2433.3493	2474.191	85350243.96	2434096160	16746802704
24-10-2021	25-10-2021	2521.2088	2529.6637	2389.4888	2435.4648	66312071.83	2453306842	16332225357
23-10-2021	24-10-2021	2520.7714	2542.6422	2500.0519	2521.2088	69098593.27	2499250329	16602206381
22-10-2021	23-10-2021	2572.900522	2621.362568	2502.7313	2523.5839	112929809	2549868962	16040226245
21-10-2021	22-10-2021	2595.6407	2698.8338	2555.616173	2574.850115	120433727.8	2588112016	16420148215
20-10-2021	21-10-2021	2495.0009	2597.4678	2465.1592	2594.5823	94288524.25	2500109302	16403191185
19-10-2021	20-10-2021	2507.4942	2524.3343	2463.5327	2496.8404	73987587.49	2471819816	15339298680
18-10-2021	19-10-2021	2553.1329	2578.8911	2446.1381	2507.4942	77248325.72	2484028719	15020501536
17-10-2021	18-10-2021	2602.6093	2635.0242	2496.5171	2553.1329	72046143.27	2565873132	15228201811
16-10-2021	17-10-2021	2569.047893	2664.0414	2562.6716	2607.9795	86563339.5	2581139136	15151631711
15-10-2021	16-10-2021	2538.571506	2595.162	2491.6718	2569.047893	131573301.4	2521598609	15189467640
14-10-2021	15-10-2021	2493.5257	2611.1045	2483.8928	2540.388362	106217751.6	2512176252	14595045318
13-10-2021	14-10-2021	2441.236976	2493.5257	2378.2217	2493.5257	99352110.29	2418777211	13925331008
12/10/2021	13-10-2021	2446.0258	2488.179989	2365.9549	2436.648866	117620658.6	2402310192	13634497944
11/10/2021	12/10/2021	2462.2526	2557.824162	2401.4836	2446.0258	123689326.9	2470659553	13595404805
10/10/2021	11/10/2021	2574.7662	2701.113083	2462.1106	2463.3486	146688114.9	2563745063	13296824988
9/10/2021	10/10/2021	2497.6753	2587.0693	2476.027345	2574.7662	85441659.17	2510204362	13634056991
8/10/2021	9/10/2021	2501.376	2572.4168	2467.8832	2496.0854	89098570.69	2497174510	13527950295
7/10/2021	8/10/2021	2493.007215	2534.825972	2426.839723	2501.376	104406689	2467804743	13533783010
6/10/2021	7/10/2021	2547.427712	2584.994184	2396.3477	2496.0571	105796417.3	2473188816	13515278074
5/10/2021	6/10/2021	2546.1671	2582.63556	2495.466768	2548.457992	115543562.2	2518052322	13273531507
4/10/2021	5/10/2021	2541.5788	2546.806	2394.508954	2541.7132	105356307.3	2450899020	12890288233
3/10/2021	4/10/2021	2485.100972	2600.382424	2451.266005	2539.49	110405063.3	2502274047	12942124030
2/10/2021	3/10/2021	2440.406778	2554.891428	2391.16036	2483.3668	127702144.6	2447526586	12872983158
1/10/2021	2/10/2021	2284.6476	2469.133173	2270.695	2435.106754	119001395.3	2353137581	12570604770
30-09-2021	1/10/2021	2230.0514	2310.1409	2221.4771	2284.6476	98333733.19	2249607237	11765466991
29-09-2021	30-09-2021	2227.1988	2311.71	2183.8056	2228.3923	116797107.6	2240627131	11485228843
28-09-2021	29-09-2021	2243.87182	2412.271562	2227.153403	2227.8062	150791069.9	2286778996	11414662738
27-09-2021	28-09-2021	2347.705	2412.672891	2249.5336	2251.710294	241929838.8	2331256448	11687908348
26-09-2021	27-09-2021	2263.4421	2549.581827	2168.9256	2348.6773	334680404.9	2357674127	11923964398
25-09-2021	26-09-2021	2295.4973	2323.0407	2209.621976	2268.2148	116616620.8	2253619057	11618710550
24-09-2021	25-09-2021	2489.0273	2499.7841	2184.8162	2290.1661	166042925.9	2310294779	11645289729
23-09-2021	24-09-2021	2528.766666	2562.7563	2458.5361	2485.7084	102308247.4	2499061799	12216671226
22-09-2021	23-09-2021	2285.6566	2540.2406	2273.805893	2521.885064	124770923.4	2411540816	11943280947
21-09-2021	22-09-2021	2420.4769	2536.9289	2254.514471	2275.2004	159563632.3	2425201925	11178765669
20-09-2021	21-09-2021	2767.8632	2767.8632	2403.656829	2431.6715	116826212.1	2533582915	11485379666
19-09-2021	20-09-2021	2844.0728	2879.5018	2737.4016	2767.8632	62108423.52	2795391558	12743776789
18-09-2021	19-09-2021	2789.4736	2901.732851	2757.3109	2838.1075	122916061.7	2824521778	13053141026
17-09-2021	18-09-2021	2972.0085	2984.565961	2763.9496	2783.979	165844982.3	2830927688	12972402865
16-09-2021	17-09-2021	3070.7	3153.419167	2924.3622	2973.0122	167802068.6	3046459802	13345439159
15-09-2021	16-09-2021	2914.2929	3073.7858	2835.612742	3057.2203	133527301.5	2896516160	13333661674
14-09-2021	15-09-2021	2811.737199	2940.9634	2800.320621	2886.389	94909257.67	2833567552	12994871974
13-09-2021	14-09-2021	2880.6933	2897.3018	2671.155022	2818.634074	112791109.7	2743217368	12655483668
12/9/2021	13-09-2021	2840.3156	2966.4265	2800.684033	2878.856	95174283.83	2871616328	12972777321
11/9/2021	12/9/2021	2779.4754	2910.763801	2779.4754	2835.9122	134493720.1	2835355811	12572138453
10/9/2021	11/9/2021	2939.1018	2988.32836	2735.4572	2781.1715	152731822.8	2848978633	12469756948
9/9/2021	10/9/2021	3019.8228	3092.6601	2925.359	2935.4754	172064770.9	2986834927	13064303904
8/9/2021	9/9/2021	3044.889	3129.2037	2821.7965	3014.4931	273142633.1	2979844799	13213955710
7/9/2021	8/9/2021	3622.5347	3624.4607	2828.9369	3060.8324	210928802.3	3317607941	13069718724
6/9/2021	7/9/2021	3724.4041	3726.3984	3576.9045	3626.2994	169698766.8	3614114199	14086680883
5/9/2021	6/9/2021	3553.594847	3722.6539	3531.009021	3720.4405	141296188.7	3594316801	14038915111
4/9/2021	5/9/2021	3647.968669	3721.6912	3556.066286	3563.05956	171837483.4	3621645804	13826802012
3/9/2021	4/9/2021	3556.3559	3748.9273	3491.0338	3645.816574	147454450.4	3566539596	13989417504
2/9/2021	3/9/2021	3694.4636	3696.2306	3557.0559	3559.3731	155033761.5	3584963599	13696613961
1/9/2021	2/9/2021	3528.4	3694.720782	3433.7842	3685.7416	187383543.9	3534484799	13631146446
31-08-2021	1/9/2021	3360.3035	3559.408537	3329.1762	3531.5031	188855302.6	3429097695	12739784356
30-08-2021	31-08-2021	3461.2954	3507.007095	3330.7294	3364.8982	161241259.5	3384008654	12345435369
29-08-2021	30-08-2021	3609.387	3678.0664	3405.3051	3467.082	139373628.6	3490108095	12334298871
28-08-2021	29-08-2021	3749.7298	3780.3367	3591.792757	3608.0547	122149764.8	3634021246	12327530029
27-08-2021	28-08-2021	3597.4613	3790.302241	3555.5226	3746.6528	152853281.3	3655347623	12400228336
26-08-2021	27-08-2021	3702.3636	3744.621	3466.3282	3624.2835	130414698.1	3546049207	11927579432
25-08-2021	26-08-2021	3634.163	3748.0236	3505.4128	3700.7058	141631104.8	3635169782	12274099875
24-08-2021	25-08-2021	3883.3199	3905.790894	3614.526584	3639.9664	143250635.1	3750448048	12169986372
23-08-2021	24-08-2021	3810.5467	4002.729749	3805.593096	3879.5269	135078886.1	3903474399	12564015719
22-08-2021	23-08-2021	3875.332366	3884.832175	3708.766	3807.763552	154119589.2	3773340861	12343749313
21-08-2021	22-08-2021	3812.041555	3975.1942	3722.642481	3886.7044	162850516.9	3840878203	12314454722
20-08-2021	21-08-2021	3743.5991	3842.971521	3710.330762	3807.016053	144222142.8	3734288090	12414230159
19-08-2021	20-08-2021	3525.0509	3740.737483	3458.848858	3738.2358	152783330.9	3562476981	11951449914
18-08-2021	19-08-2021	3453.2354	3629.7386	3398.6289	3538.1964	171286224	3482710891	11734054429
17-08-2021	18-08-2021	3588.3071	3771.098659	3446.7482	3446.7482	172987086.6	3599046183	11658713835
16-08-2021	17-08-2021	3806.243	3880.7776	3575.505007	3583.4848	184267766.3	3750614632	12039098903
15-08-2021	16-08-2021	3871.4323	3882.5737	3633.5489	3803.8323	234726783.1	3705578003	12376557857
14-08-2021	15-08-2021	3710.276417	3904.7272	3570.334447	3868.656	223971089.7	3700012420	12321051149
13-08-2021	14-08-2021	3249.188	3704.781865	3246.5756	3704.781865	198257336	3507542346	12592580009
12/8/2021	13-08-2021	3370.0985	3423.966285	3177.6639	3248.2464	199198794.1	3268171714	11836390006
11/8/2021	12/8/2021	3396.050993	3526.217	3355.3263	3376.8916	170145340.4	3425601115	12137206598
10/8/2021	11/8/2021	3365.820602	3464.184529	3273.005	3392.857797	170726339.8	3343181310	12018252503
9/8/2021	10/8/2021	3236.995491	3377.220395	3094.977872	3360.57546	143744582.4	3231204677	12056116276
8/8/2021	9/8/2021	3412.04	3441.907172	3161.543157	3236.656158	157219518.5	3292498084	11729922219
7/8/2021	8/8/2021	3254.310925	3469.837003	3236.336952	3416.956447	173060051.3	3315822232	11989868293
6/8/2021	7/8/2021	3281.940887	3365.04	3132.241926	3256.71327	238994818.3	3203604606	11377014505
5/8/2021	6/8/2021	2968.666289	3285.142169	2820.391979	3285.142169	143502805.8	2939524637	11307393560
4/8/2021	5/8/2021	2784.89	2989.872293	2757.7	2970.278567	99761005.28	2838738386	11097091014
3/8/2021	4/8/2021	2922.438222	2939.26	2747.22	2791.041356	96057683.82	2781852756	10536056711
2/8/2021	3/8/2021	2915.43	3025.61	2855.89475	2922.864245	104458718.1	2917967890	10786868414
1/8/2021	2/8/2021	2992.34	3086.22	2916.22	2928.71	91974548.48	2983983851	10741230831
31-07-2021	1/8/2021	2916.7	3008.57	2868.36	2998.69	86591009.57	2887534001	10742079293
30-07-2021	31-07-2021	2891.25	2939.418785	2774.47	2910.74	105118024.1	2824982024	10496831047
29-07-2021	30-07-2021	2651.63	2882.35	2615.01	2882.35	111130277.5	2740471174	10245620613
28-07-2021	29-07-2021	2683.25	2714.73	2623.929238	2649.8	92311077.57	2651707418	10084101288
27-07-2021	28-07-2021	2600.52	2720.6	2515.07	2671.14	122817611.7	2592897966	9984795326
26-07-2021	27-07-2021	2567	2837.449961	2561.77	2593.34	126911090.3	2698482952	9778514775
25-07-2021	26-07-2021	2576.36	2582.4	2468.109869	2567	81333296.04	2494229588	9716387871
24-07-2021	25-07-2021	2513.552587	2600.7	2500.955003	2572.09	96531394.91	2519948688	9674725484
23-07-2021	24-07-2021	2437.93	2529.178281	2407.4	2506.17	97130312.68	2458346998	9479425217
22-07-2021	23-07-2021	2437.79	2470.66	2389.86	2442.91	118675071.7	2407900190	9338805752
21-07-2021	22-07-2021	2190.15	2467.532263	2160.11	2435.64	106015000.7	2328328692	9291748616
20-07-2021	21-07-2021	2287.04	2315.47	2121.15	2185.36	95209480.69	2168114243	8683715038
19-07-2021	20-07-2021	2477.19	2477.19	2280.51	2297.18	75539348.85	2352957977	8788053977
18-07-2021	19-07-2021	2423	2538.37	2416.05	2482.33	67544033.65	2462016112	9063567713
17-07-2021	18-07-2021	2421.55	2458.33	2387.65	2426.59	81434638.67	2400075605	9042174714
16-07-2021	17-07-2021	2559.762945	2608.71	2413.900179	2429.65	125335794.7	2475790225	8976392763
15-07-2021	16-07-2021	2512.31	2625.082097	2458.79	2558.751735	105803677.7	2503640690	9061700202
14-07-2021	15-07-2021	2519.09	2573.72	2409.31	2512.31	93972863.4	2474932405	9298838918
13-07-2021	14-07-2021	2606.69	2637.45	2511.94	2519.04	84523845.82	2556105147	9148037482
12/7/2021	13-07-2021	2668.2	2726.49	2582.89	2612.36	84341951.26	2629966981	9365441570
11/7/2021	12/7/2021	2670.71	2711.16	2618.46	2668.2	79336404.63	2651442649	9628572579
10/7/2021	11/7/2021	2708.348009	2763.83663	2615.22	2670.71	104433494.3	2651179424	9580415471
9/7/2021	10/7/2021	2656.351366	2808.94	2564.19	2716.134421	134513604.8	2651580500	9495613789
8/7/2021	9/7/2021	2857.72483	2859.843201	2606.961648	2655.518654	168234047.7	2667457696	9710457393
7/7/2021	8/7/2021	2747.404652	2933.26	2742.088751	2851.983392	235841971.4	2843351345	10339071274
6/7/2021	7/7/2021	2753.572997	3088.525148	2731.23	2736.227026	198607353.3	2880053973	10045169012
5/7/2021	6/7/2021	2803.664836	2815.07	2643.47	2773.487081	132767636	2714212973	9881185109
4/7/2021	5/7/2021	2637.91	2896.255198	2575.87	2804.989825	111847233.6	2751676673	10154065829
3/7/2021	4/7/2021	2581.765348	2681.7	2532.98	2601.2	106143988.5	2597438738	9808485818
2/7/2021	3/7/2021	2509.1	2588.0949	2420.058852	2580.598391	183148999.2	2468808584	9347147059
1/7/2021	2/7/2021	2665.597554	2843.19	2486.241352	2514.16	282152182.5	2593482142	9612406008
30-06-2021	1/7/2021	2412.507028	2644.691388	2276.65	2644.691388	130181657.8	2353747883	9666069335
29-06-2021	30-06-2021	2213.16	2486.78	2213.16	2414.59467	136598427.6	2351737540	9643812752
28-06-2021	29-06-2021	2125.76	2282.359912	2087.44	2213.24	101477999.9	2148933583	9121832495
27-06-2021	28-06-2021	2004.04	2125.76	1963.44	2125.76	101583322.1	2011167211	8680353790
26-06-2021	27-06-2021	1989.461086	2034.228024	1900.753391	1989.44	135424769.6	1955025698	8581650259
25-06-2021	26-06-2021	2236.2665	2269.904243	1964.61613	1995.915182	125578352.7	2094752783	8672078721
24-06-2021	25-06-2021	2313.37	2319.955202	2079.331381	2235.216344	170179320.6	2190624849	8971549171
23-06-2021	24-06-2021	2260.84	2466.530595	2218.27	2312.64	243766703.7	2348734578	8749299376
22-06-2021	23-06-2021	2101.6	2388.112557	1944.945425	2262.11	201286706.4	2183115747	8362007463
21-06-2021	22-06-2021	2707.96628	2716.592284	2081.43	2103.22	142139029	2337476666	8691419927
20-06-2021	21-06-2021	2592.14	2738.74	2450.92	2708.953291	82838697.18	2580212881	9104411026
19-06-2021	20-06-2021	2684.44	2711.97	2585.45	2591.48	102106399.4	2638573575	9589363520
18-06-2021	19-06-2021	2909.67	2909.67	2585.557657	2678.11	96561673.98	2742311075	9823942609
17-06-2021	18-06-2021	2944.845646	3058.59	2858.62	2909.55	94001159.93	2942185682	10066305677
16-06-2021	17-06-2021	3158.32	3158.32	2928.954962	2937.010442	98645608.03	3014829908	10487366330
15-06-2021	16-06-2021	3198.84	3272.318786	3113.2	3158.32	105127909.1	3168881033	10926456813
14-06-2021	15-06-2021	3143.62	3253.58	3092.309585	3199.44	108796822.8	3133578460	10616981483
13-06-2021	14-06-2021	2936.33	3177.83	2873.437753	3146.23	106562095.9	2948760145	10165012520
12/6/2021	13-06-2021	2922.76	3033.5	2794.85	2938.65	120754568.9	2896096599	10178191118
11/6/2021	12/6/2021	3114.55	3127.94	2888.02	2919.08	115814644.8	3008259383	10400789329
10/6/2021	11/6/2021	3324.558409	3331.465193	3054.5	3125.19	145072188.4	3164454173	10572042486
9/6/2021	10/6/2021	3247.486969	3329.33	3047.72	3320.13431	208194204.7	3191707393	10628396669
8/6/2021	9/6/2021	3300.73	3360.169125	2918.01	3228.041691	232171320.5	3183977643	10221812679
7/6/2021	8/6/2021	3614.57	3805.22	3297.830428	3297.830428	139311083.9	3623137476	11039147816
6/6/2021	7/6/2021	3557.08	3631.403906	3523.4	3604.93	164079694.4	3552182318	10722972489
5/6/2021	6/6/2021	3735.66	3895.8	3437.96	3549.68	306485729.4	3651753982	10532769192
4/6/2021	5/6/2021	3658.47	3938.52	3459.26	3746.84	350117145.1	3617990914	10333612057
3/6/2021	4/6/2021	3566.76	3715.697187	3542.17	3658.64	171612242.6	3601461259	11005512051
2/6/2021	3/6/2021	3595.42	3715.678822	3518.793588	3574.1	195305836.1	3579130716	10690918242
1/6/2021	2/6/2021	3592.675673	3692.420869	3491.67	3591.62	238582551	3546784191	10353139134
31-05-2021	1/6/2021	3306.99	3605.4	3185.777156	3588.464893	237937836.5	3379649484	10278555286
30-05-2021	31-05-2021	3055.85	3437.14334	2866.92	3311.674641	260027844.5	3199464129	9957422829
29-05-2021	30-05-2021	3252.36	3439.732158	2883.8	3057.82	258086617.4	3172507118	9947288147
28-05-2021	29-05-2021	3712.262845	3768.53182	3137.48	3256.75	291617048.6	3400797015	10091532131
27-05-2021	28-05-2021	3968.332958	3968.332958	3598.8553	3721.318767	373977217.3	3727798278	11228708556
26-05-2021	27-05-2021	3858.304749	4024.783003	3695.77	3929.780417	563791869.3	3836637577	11354837647
25-05-2021	26-05-2021	4172.699119	4317.327748	3358.75	3845.969751	994346706.2	3718545865	9964278142
24-05-2021	25-05-2021	2749.483363	4200.68996	2749.483363	4172.915365	1119254352	3447380566	9927124258
23-05-2021	24-05-2021	2773.02	2879.06	1850.239595	2753.315094	412057462.4	2421453647	8563221233
22-05-2021	23-05-2021	3116.024754	3202.880389	2591.655739	2776.96	494319171.4	2842698531	9847841886
21-05-2021	22-05-2021	3941.66	4168.53	2758.12	3080.983084	435804081.6	3641452309	10849407269
20-05-2021	21-05-2021	3511.487199	4201.8	3074.722197	3911.00567	819559124.4	3760077682	11373056290
19-05-2021	20-05-2021	4661.734843	4728.491069	2671.882722	3551.945747	615654130.4	3937101306	10608552440
18-05-2021	19-05-2021	4257.815397	5022.360772	4250.29125	4669.657788	524078091.2	4724807925	13952637251
17-05-2021	18-05-2021	4551.02	4762.23	4169.034172	4265.623137	534766072.3	4435626689	13813173243
16-05-2021	17-05-2021	4603.12	4917.955435	4231.217763	4549.29	450673899.8	4651005595	14742087974
15-05-2021	16-05-2021	5013.434484	5131.307449	4603.29	4603.29	491198798.1	4835551054	15193121692
14-05-2021	15-05-2021	4765.42177	5337.49	4765.42177	5024.73	599817963.2	4985786320	15417807008
13-05-2021	14-05-2021	4952.059546	5299.35	4486.513343	4786.594925	861959949.1	4846452913	14506763974
12/5/2021	13-05-2021	5387.492611	5978.285901	5054.606922	5054.606922	716378442.8	5538515001	16529780186
11/5/2021	12/5/2021	4986.530923	5396.349732	4751.293545	5389.484468	609929968.1	5019504809	15370564804
10/5/2021	11/5/2021	5289.257339	5445.42	4751.073877	4940.83467	552111496	5239108617	15811745595
9/5/2021	10/5/2021	5615.919233	5655.795331	5065.985673	5286.849814	785971105.2	5345087448	14777489071
8/5/2021	9/5/2021	5090.88	5820.164252	5027.47	5605.368397	659812334.3	5386226388	14007238483
7/5/2021	8/5/2021	5057.04	5336.61	4905.618338	5088.33	598380848.9	5053585262	13654086319
6/5/2021	7/5/2021	5419.36	5438.96	4948.489405	5062.98	723493004.2	5182409590	14018569479
5/5/2021	6/5/2021	5238.836294	5479.02	5136.323648	5425.83	939440824.5	5316828315	13539409825
4/5/2021	5/5/2021	6000.788538	6000.788538	5144.990981	5249.831538	1502268500	5554381697	13674721336
3/5/2021	4/5/2021	4916.16	6244.441046	4916.16	6056.431522	911441584.3	5527348535	12843808780
2/5/2021	3/5/2021	4795.024423	5063.87	4540.53	4919.49	712443979.5	4836666490	12038162212
1/5/2021	2/5/2021	4364.566342	4992.828378	4309.388881	4804.209879	504467044.3	4636819282	11814143927
30-04-2021	1/5/2021	4265.06	4347.729935	4100.98	4347.729935	426735527.3	4217362209	11427628371
29-04-2021	30-04-2021	4421.739967	4421.739967	4084.201667	4272.137507	487793593.2	4246859288	11426945555
28-04-2021	29-04-2021	4532.169706	4643.269567	4158.821714	4408.851513	559299914.1	4387121001	11224462791
27-04-2021	28-04-2021	4025.197405	4596.722453	4025.197405	4515.099901	583431219.8	4365102823	10709520593
26-04-2021	27-04-2021	3831.401564	4143.838307	3782.365317	4019.205877	559682844.7	3975957089	10477924397
25-04-2021	26-04-2021	4024.078833	4130.087674	3607.067937	3829.976714	641511474.9	3877377561	9626648802
24-04-2021	25-04-2021	4084.620676	4152.163879	3623.560615	4017.934199	1000954733	3866157340	9275793179
23-04-2021	24-04-2021	4033.770115	4504.848155	3284.29	4063.193343	2047092253	3877290890	9467274879
22-04-2021	23-04-2021	4012.54	4920.145179	3926.541901	4088.627911	2052568465	4420101900	10527100969
21-04-2021	22-04-2021	3460.9	4215.428793	3383.642385	4020.58	723390526.3	3694852418	9556985020
20-04-2021	21-04-2021	3525.46195	3638.965467	3197.95	3448.45	751603025.9	3388867567	9363703754
19-04-2021	20-04-2021	3242.22906	3814.535458	3188.332551	3526.581254	738910210.2	3513545337	9538926071
18-04-2021	19-04-2021	3315.76	3329.52	2828.110818	3232.988556	564080943.6	3103114768	8932499022
17-04-2021	18-04-2021	3377.835596	3631.461155	3314.97	3320.97	684290563.5	3473094235	10100345584
16-04-2021	17-04-2021	3774.29	3823.14	3240.744561	3384.22732	1666326203	3471627632	9891903108
15-04-2021	16-04-2021	2680.657624	4006.67	2680.657624	3797.35	914352030.3	3239305109	9665150899
14-04-2021	15-04-2021	2577.95	2677.996494	2507.69	2675.937984	360604714.8	2592057133	9511760844
13-04-2021	14-04-2021	2666.19	2740.92	2445.761135	2587.74	522989500.6	2536429356	9035844785
12/4/2021	13-04-2021	2277.575555	2680.937234	2277.575555	2676.99	267761940.1	2403186205	8822811956
11/4/2021	12/4/2021	2233.684963	2302.911757	2185.377739	2274.700257	204312521.9	2226597197	8848120911
10/4/2021	11/4/2021	2223.56	2336.77	2185.72	2233.484038	220650512.9	2257863214	8862416659
9/4/2021	10/4/2021	2215.04	2280.849285	2182.36	2223.59	221722805.6	2204323932	8574513436
8/4/2021	9/4/2021	2103.18	2229.16	2078.25	2215.04	300824560.2	2149390365	8265102518
7/4/2021	8/4/2021	2291.13	2333.719952	2038.13	2112.29	317852400.1	2168691651	8126401061
6/4/2021	7/4/2021	2333.72	2349.82	2197.646354	2291.13	231222701.4	2267273712	8732900938
5/4/2021	6/4/2021	2310.14	2368.13	2198.68	2327.46	228407167.1	2287335092	8504719313
4/4/2021	5/4/2021	2239.75	2347.19	2229.97	2310.14	281975498.8	2276131393	8523059350
3/4/2021	4/4/2021	2496.340794	2567.14	2231.73	2244.6	298050960.6	2390188893	8656089705
2/4/2021	3/4/2021	2309.76	2565.39	2282.26	2496.340794	337055955.8	2434918878	8468487751
1/4/2021	2/4/2021	2115.8	2377.42	2111.84	2310.1	256962326.1	2256188925	8152633131
31-03-2021	1/4/2021	2090.44	2140.249061	2035.29	2115.8	193168083.3	2080198590	7725854526
30-03-2021	31-03-2021	2103.34	2166.26	2084.731226	2090.44	175059121.2	2108498376	7862364093
29-03-2021	30-03-2021	2062.66	2138.88	2038.07	2112.06	181614923.8	2079836165	7552381364
28-03-2021	29-03-2021	2153.38	2153.38	2026.8	2062.66	288021185.8	2071256134	7257584127
27-03-2021	28-03-2021	1986.17	2204.76	1963.56	2158.03	226981391.9	2046564067	7110114700
26-03-2021	27-03-2021	1883.12	1994.62	1883.12	1990.28	220259904.6	1936290270	6952368169
25-03-2021	26-03-2021	1823.33	1928.05	1801.77	1886.34	264730141.3	1866022823	6722072982
24-03-2021	25-03-2021	2018.7	2075.7	1792.289695	1823.33	233208835.9	1980377281	7227631908
23-03-2021	24-03-2021	1968.42	2031.18	1914.07	2031.18	226530202.2	1957363821	7082005026
22-03-2021	23-03-2021	2103.03	2115.18	1956.357102	1972.46	183127153.5	2052138956	7614327959
21-03-2021	22-03-2021	2137.68	2161.3	2071.59	2106.56	231324209.7	2102465110	7462746291
20-03-2021	21-03-2021	2098.98	2254.23	2098.8	2142.51	196779948.5	2153848037	7798623547
19-03-2021	20-03-2021	2120.39	2129.68	2074.25	2096.96982	232055445.5	2091523862	7773597949
18-03-2021	19-03-2021	2128.06	2191.08	2106.47	2120.66	263335436.4	2126576299	7657241025
17-03-2021	18-03-2021	2075.84	2170.33	2034.68	2128.06	206695069.4	2087026448	7456182531
16-03-2021	17-03-2021	1998.277067	2107.885179	1940.748171	2075.84	246760255.2	2031419770	7483231368
15-03-2021	16-03-2021	2053.1129	2095.561039	1948.212766	1999.493706	230909757.6	2018138058	7415859185
14-03-2021	15-03-2021	2182.236687	2200.73354	2056.937693	2056.937693	212633726.7	2130581744	7769233697
13-03-2021	14-03-2021	2139.004933	2229.724299	2087.994236	2182.236687	241558389.1	2150794049	7777282030
12/3/2021	13-03-2021	2233.422776	2291.468773	2103.661204	2133.531835	249376098.5	2183201724	7370861931
11/3/2021	12/3/2021	2257.713561	2291.560036	2126.235606	2228.936625	280668236.2	2190965429	7331493539
10/3/2021	11/3/2021	2265.315929	2328.933233	2180.829804	2260.782843	253549849.7	2233762346	7348949418
9/3/2021	10/3/2021	2194.754614	2273.960496	2151.905488	2268.349633	255988925.7	2202810013	7338104525
8/3/2021	9/3/2021	2255.087714	2265.597537	2071.116594	2195.322005	203883349.7	2149319341	6795871759
7/3/2021	8/3/2021	2249.028102	2258.563884	2169.520587	2250.244015	230931724.3	2199753302	6732182251
6/3/2021	7/3/2021	2064.057073	2319.560056	2049.145803	2249.028102	215956915.7	2141099540	6446702911
5/3/2021	6/3/2021	2197.957912	2197.957912	2049.518845	2067.626067	256627839.1	2089800528	6226289042
4/3/2021	5/3/2021	2202.034009	2233.760874	2055.48797	2193.477007	246642760.5	2146546936	6532288970
3/3/2021	4/3/2021	2170.762751	2356.599119	2165.25969	2207.258407	247349416.8	2260808867	6624098339
2/3/2021	3/3/2021	2170.830851	2285.452911	2103.866171	2166.42148	250024911	2182105098	6509774714
1/3/2021	2/3/2021	2035.360793	2250.031495	2032.633523	2168.811131	274426592.1	2160079261	6310862597
28-02-2021	1/3/2021	1981.123028	2064.308137	1799.324964	2031.27733	217793466.5	1898156197	5748918427
27-02-2021	28-02-2021	1951.347648	2074.085066	1951.347648	1981.123028	236336863	2011176711	5997627654
26-02-2021	27-02-2021	2028.71058	2125.041542	1895.035221	1946.81739	272269599	1995623507	6055342550
25-02-2021	26-02-2021	2234.578481	2328.066527	2029.107921	2043.222044	276562314.3	2212142642	6459512874
24-02-2021	25-02-2021	2222.039322	2414.914243	2174.057573	2233.442459	406512377.1	2297657178	6654172119
23-02-2021	24-02-2021	2376.838421	2381.651516	1821.40346	2195.471806	412015321.7	2079246528	5817597756
22-02-2021	23-02-2021	2616.850843	2617.689859	2078.665307	2383.033919	342835619.1	2423392997	6805913255
21-02-2021	22-02-2021	2608.218013	2729.919718	2555.376473	2617.702302	489340468	2642082690	7425268603
20-02-2021	21-02-2021	2571.919607	3049.714885	2507.647457	2605.958339	409716514.3	2716699498	7603842820
19-02-2021	20-02-2021	2627.694032	2672.048719	2524.533307	2569.618023	310318310.2	2560103652	7205820670
18-02-2021	19-02-2021	2612.261867	2705.659988	2562.160375	2629.743522	327457487.5	2619931861	7062096891
17-02-2021	18-02-2021	2493.240044	2620.767237	2386.108495	2611.913728	312332221	2496224813	6773200882
16-02-2021	17-02-2021	2474.398068	2589.539729	2437.537303	2495.163572	362565578.4	2501547963	6772587081
15-02-2021	16-02-2021	2525.327174	2600.797634	2254.601599	2471.487373	385612023.4	2443526009	6652975202
14-02-2021	15-02-2021	2605.439752	2665.199758	2489.007596	2529.825025	387962928.9	2568813427	6795068178
13-02-2021	14-02-2021	2743.078602	2802.549618	2560.163793	2611.349089	500319314.4	2662662131	6665737272
12/2/2021	13-02-2021	2541.657704	2838.438309	2529.736266	2745.423973	488400512.6	2639265944	6643984424
11/2/2021	12/2/2021	2529.725983	2624.548524	2460.919314	2524.23499	443247063.9	2521113467	6626224281
10/2/2021	11/2/2021	2576.588298	2710.880561	2374.365263	2524.913152	502673274.7	2549220042	6551435576
9/2/2021	10/2/2021	2505.555624	2624.311626	2466.861556	2579.173243	461580402.6	2522425730	6501223232
8/2/2021	9/2/2021	2483.180896	2700.865476	2416.904124	2522.521265	605987634.4	2558783035	6001128473
7/2/2021	8/2/2021	2516.092251	2653.555313	2271.465673	2464.671306	608830800.6	2450918020	5840660731
6/2/2021	7/2/2021	2697.706062	2784.489291	2321.723736	2520.227107	1044482850	2570752176	6165897263
5/2/2021	6/2/2021	2104.804759	3030.061211	2104.804759	2720.7206	1007215790	2481876644	6054768485
4/2/2021	5/2/2021	1761.744438	2290.738968	1680.324321	2079.153316	283046247.6	1812193393	5813156525
3/2/2021	4/2/2021	1704.229154	1768.807719	1649.0619	1768.807719	314731628.4	1694775685	5565804867
2/2/2021	3/2/2021	1474.771434	1769.199994	1471.79477	1701.264761	240334426.6	1606303547	5169123298
1/2/2021	2/2/2021	1483.377843	1510.202643	1427.684428	1483.723275	197080351.1	1467402456	4843357951
31-01-2021	1/2/2021	1585.891132	1602.661239	1416.69843	1485.140999	289319702.6	1495590514	4864571186
30-01-2021	31-01-2021	1405.722802	1623.06177	1392.609424	1586.558973	209940297.4	1457262631	4833263998
29-01-2021	30-01-2021	1404.418287	1461.215743	1364.114354	1404.643446	199049753.4	1399235553	5059014528
28-01-2021	29-01-2021	1332.668145	1445.897972	1310.982642	1410.852705	177905180.9	1388032131	4641957741
27-01-2021	28-01-2021	1475.282374	1475.282374	1286.459722	1330.035066	172276850.8	1365916865	4496026907
26-01-2021	27-01-2021	1369.640073	1474.04249	1304.37718	1474.04249	175836603.7	1376934165	4554423004
25-01-2021	26-01-2021	1457.807072	1523.558235	1348.672845	1370.981988	196363805.4	1440536493	4844319222
24-01-2021	25-01-2021	1380.004927	1467.614894	1369.385995	1449.910756	191675278.4	1423603387	4580541378
23-01-2021	24-01-2021	1409.520462	1466.436226	1365.884408	1375.878447	235789846.5	1400243747	4232229942
22-01-2021	23-01-2021	1154.682941	1436.789003	1073.559652	1406.249198	234244061.9	1271037232	4160841820
21-01-2021	22-01-2021	1415.363565	1418.572434	1139.605724	1158.744896	198713330.4	1281489313	4060855877
20-01-2021	21-01-2021	1416.30428	1439.596179	1271.872366	1419.529781	215969008.1	1363394907	4315328291
19-01-2021	20-01-2021	1424.281058	1529.187687	1409.650301	1432.105012	203378519.6	1453928131	4686112784
18-01-2021	19-01-2021	1449.596487	1460.690335	1382.980909	1425.493033	196122985.4	1420910281	4294925818
17-01-2021	18-01-2021	1486.516487	1511.538733	1427.701359	1447.463882	246544955.1	1461474193	4146577155
16-01-2021	17-01-2021	1479.174271	1612.118918	1472.25639	1490.321421	284516252.2	1523836812	4107743835
15-01-2021	16-01-2021	1590.147571	1633.433634	1355.218716	1471.783122	327455646.6	1521267712	4036493158
14-01-2021	15-01-2021	1551.121711	1700.097934	1484.656232	1584.282228	296865923.3	1547718146	4082842279
13-01-2021	14-01-2021	1486.850966	1573.911311	1390.586332	1549.7075	372494246.5	1472773193	3744174150
12/1/2021	13-01-2021	1404.916855	1617.014381	1330.889857	1480.719194	523071546	1465420858	3910376449
11/1/2021	12/1/2021	1512.904851	1512.904851	1090.084286	1385.656463	561228099.7	1295491410	3833718987
10/1/2021	11/1/2021	1577.030379	1945.625641	1456.533454	1518.785406	941452916.2	1692505255	4505109331
9/1/2021	10/1/2021	1041.216426	1564.155666	1029.710408	1564.155666	281619739.2	1211537371	4295866838
8/1/2021	9/1/2021	1061.680215	1126.011771	960.1456713	1035.874556	262222812.7	1053574664	4406717478
7/1/2021	8/1/2021	1030.458488	1174.90821	1020.471769	1067.197824	544998719	1083743480	4240287283
6/1/2021	7/1/2021	766.3126666	1212.142183	747.2901557	1025.137521	207216157.5	876723343.4	4061676071
5/1/2021	6/1/2021	687.8415508	779.2815525	656.799568	770.2090074	117317330.9	705710153.1	3823994429
4/1/2021	5/1/2021	677.97466	752.6773735	635.2197156	684.3125342	134686906.2	681837654.3	3607812183
3/1/2021	4/1/2021	607.3373354	698.9672819	607.3373354	680.3716115	108804437.7	658219655.8	3179319265
2/1/2021	3/1/2021	582.3623477	616.1051683	570.4406309	607.1388867	58464217.9	592498345	2843505326
1/1/2021	2/1/2021	586.4956899	600.8247559	575.8098899	582.062051	50392712.27	589673758.8	2879340462
31-12-2020	1/1/2021	576.7589128	590.4356099	561.4290306	587.2352761	46223426.02	571674179.7	2875568937
30-12-2020	31-12-2020	565.5809029	583.2059877	553.2006022	577.0954732	53242921.49	566329413.1	2793237930
29-12-2020	30-12-2020	585.8832812	593.4387286	547.033351	565.8894832	58868434.28	565935252.6	2807860494
28-12-2020	29-12-2020	569.4310268	598.7474727	562.2931873	585.6582333	66604119.73	583964505.7	2802601681
27-12-2020	28-12-2020	543.7994483	576.775101	533.5427316	568.3879352	51835220.22	554462034.3	2490063780
26-12-2020	27-12-2020	535.9307122	551.3294496	523.1015774	543.9140002	47544652.37	535405446.4	2500425928
25-12-2020	26-12-2020	526.8397103	568.3810175	519.4946621	536.2627505	52591748.56	534534560.3	2502081938
24-12-2020	25-12-2020	516.05501	527.7847282	496.0397093	527.7527072	52167243.52	512381846.4	2360728470
23-12-2020	24-12-2020	549.7785012	552.4813609	487.8452704	519.6962671	42236339.85	528898655.2	2441393707
22-12-2020	23-12-2020	524.5862865	549.1361857	519.6380622	549.1361857	42056223.71	535079545	2463407094
21-12-2020	22-12-2020	545.8334957	553.600049	512.4514469	527.121195	34921801.34	533280705	2446120440
20-12-2020	21-12-2020	567.2454468	569.3444325	542.8805824	546.0245037	34694972.09	558997747.8	2569295712
19-12-2020	20-12-2020	569.4010463	581.4276929	564.7580009	567.2454468	51363240	573911117.6	2606847493
18-12-2020	19-12-2020	539.6950295	571.3436264	533.0366974	569.1557593	56577195.06	550463343	2591981835
17-12-2020	18-12-2020	539.9005732	559.5026859	534.0655982	539.28821	50652112.08	543643365.1	2635167095
16-12-2020	17-12-2020	529.9677192	539.9339221	515.4926195	539.9339221	39833658.27	525565007.8	2417839169
15-12-2020	16-12-2020	539.1540951	544.9927789	529.0583073	529.9677192	31746691.13	535904266.1	2371212619
14-12-2020	15-12-2020	526.3837905	539.2576068	520.76401	539.1994949	32576309.78	530927630.9	2340464514
13-12-2020	14-12-2020	514.4464323	532.0617446	512.4724268	525.9579301	36230867.83	522553746.8	2365081638
12/12/2020	13-12-2020	503.009333	525.0603752	503.009333	514.0136077	49107753.82	515480133.7	2290251461
11/12/2020	12/12/2020	522.335668	522.335668	502.5058762	503.790679	64720351.81	509800546.6	2196013716
10/12/2020	11/12/2020	506.8608299	529.1355683	491.7808175	525.3858046	66709527.87	510280513.4	2274378035
9/12/2020	10/12/2020	502.3699703	508.1785459	474.8803728	508.1785459	60082278.71	493321443.6	2304965276
8/12/2020	9/12/2020	519.1250889	524.5319422	496.3302653	502.6979159	54311039.57	511065886.9	2340687732
7/12/2020	8/12/2020	529.7961901	530.2547589	512.2936868	519.3836109	58065652.47	520455137.2	2403182834
6/12/2020	7/12/2020	533.4721938	537.2784694	511.3189894	529.5195894	66460165.79	522717091.1	2406887817
5/12/2020	6/12/2020	525.9684654	537.410959	521.0842425	532.3021033	64824489.7	527570708.3	2397419045
4/12/2020	5/12/2020	591.7773143	599.0943785	524.6275413	527.3035567	39787441.82	560053353.6	2372481322
3/12/2020	4/12/2020	560.7352738	598.06968	559.9706974	591.7773143	32164489.12	579604106.8	2467753021
